gender,caste_category,district_type,board_score,selected,algorithm_decision
Male,SC,Urban,65.52094106870406,0,0
Female,ST,Urban,89.598686819363,1,1
Male,OBC,Rural,57.18617234331722,0,0
Male,OBC,Urban,66.94175619800937,0,0
Female,ST,Urban,77.44904371758601,1,0
Male,OBC,Rural,60.336029960411246,0,0
Male,ST,Urban,60.85985578043156,0,0
Male,OBC,Urban,88.61986031171845,1,1
Female,SC,Urban,87.3703759375935,1,1
Male,General,Rural,55.17785611548656,0,0
Male,SC,Urban,83.18405350689446,1,1
Female,SC,Rural,76.06777385940777,0,0
Female,SC,Rural,61.79459225512626,0,0
Female,ST,Urban,51.77409186997612,0,0
Female,SC,Urban,69.96348270864227,0,0
Male,ST,Rural,58.56038085159082,0,0
Female,General,Urban,77.63109725510733,1,1
Female,SC,Urban,61.76373841015074,0,0
Female,ST,Urban,56.69741484628128,0,0
Male,OBC,Urban,65.5903403002539,0,0
Female,OBC,Urban,62.82395814193312,0,0
Male,ST,Urban,62.82965494700153,0,0
Male,ST,Rural,93.01993713493978,1,1
Female,OBC,Urban,81.1799799366345,1,1
Male,OBC,Urban,79.42934563713445,1,1
Female,ST,Urban,62.86454948751321,0,0
Female,ST,Urban,83.31936979165573,1,1
Female,General,Urban,87.03523073588393,1,1
Female,ST,Rural,76.22751188441688,0,1
Female,OBC,Rural,80.76156795346529,1,1
Female,General,Rural,88.80217356968464,1,1
Male,SC,Rural,75.61315952658921,0,0
Female,General,Rural,64.95456837031973,0,0
Male,General,Rural,67.3599461035667,0,0
Female,SC,Rural,69.76807001760888,0,0
Male,General,Urban,66.37061577352169,0,1
Female,ST,Rural,79.15255199723057,0,0
Female,General,Rural,65.37586560872339,0,0
Female,SC,Urban,77.3830299934149,1,1
Female,General,Urban,67.97072367052037,0,1
Male,General,Urban,67.10398189161975,0,0
Male,OBC,Urban,54.14457146182414,0,0
Male,General,Urban,69.56682638402738,0,0
Male,General,Rural,80.54072887196726,1,1
Female,SC,Urban,63.0296104029462,0,0
Male,General,Rural,65.92326435226346,0,0
Female,General,Rural,74.21320257762986,1,0
Male,SC,Urban,51.64009121479525,0,0
Female,General,Rural,94.68006856389331,1,1
Male,General,Rural,73.98521806434198,0,1
Male,SC,Urban,70.24517016323719,0,0
Male,General,Urban,52.655734564364366,0,0
Female,ST,Rural,69.93607564087195,0,0
Female,OBC,Urban,73.76043932788238,1,1
Male,SC,Urban,71.98446036288713,0,0
Female,OBC,Rural,61.52092880846122,0,0
Female,General,Rural,74.46894743499922,1,0
Male,OBC,Urban,63.306128839069366,0,0
Female,ST,Urban,60.19624050481391,0,0
Female,SC,Rural,66.80385250768377,0,0
Female,ST,Urban,66.28664525067484,0,0
Male,ST,Rural,72.31477921914329,0,0
Female,ST,Urban,95.09849514793433,1,1
Female,General,Rural,70.26744824653505,0,0
Female,SC,Urban,69.88595628708933,0,0
Female,SC,Rural,69.36923953387594,0,0
Female,SC,Urban,79.02887293877626,1,1
Male,OBC,Urban,60.78453865300594,0,0
Female,ST,Rural,73.52758898414741,0,0
Female,General,Urban,73.68879500897758,1,1
Male,SC,Rural,70.5868306350865,0,0
Male,SC,Rural,70.87536075074472,0,0
Female,OBC,Urban,72.33411618773638,1,1
Female,SC,Urban,83.09026132497189,1,1
Male,General,Urban,65.9032381269873,0,0
Male,OBC,Rural,75.57186233752833,1,1
Male,OBC,Rural,75.79558285581709,1,0
Female,SC,Urban,73.46347603621945,0,0
Female,ST,Rural,78.2586531102096,0,0
Male,SC,Urban,79.20335643665345,1,0
Female,ST,Rural,56.86488279503203,0,0
Female,SC,Urban,68.4313177872279,0,0
Female,General,Urban,71.52333189572799,1,1
Female,SC,Rural,72.82033960394033,0,0
Male,OBC,Rural,50.50248162667251,0,0
Male,ST,Urban,69.22969898308843,0,0
Female,ST,Rural,46.14772055180121,0,0
Female,OBC,Rural,70.64928900702944,0,0
Female,General,Urban,76.51742748237561,1,1
Female,General,Urban,81.29142938265956,1,1
Female,General,Rural,64.10980505628423,0,0
Female,SC,Urban,69.63420397512326,0,0
Female,General,Urban,58.68852910332967,0,1
Female,OBC,Rural,62.38304803835885,0,0
Female,General,Rural,89.40585221368558,1,1
Female,ST,Urban,81.7357281720242,1,1
Male,SC,Urban,71.26419489697611,0,0
Male,OBC,Urban,80.50441752775446,1,1
Male,OBC,Urban,84.98473274935961,1,1
Female,SC,Urban,76.66617114354925,0,1
Male,SC,Rural,71.32784645453005,0,0
Female,OBC,Urban,76.98795637741215,1,1
Female,ST,Urban,67.4428886702677,0,0
Male,SC,Rural,75.99476720627709,0,0
Male,General,Urban,90.7533543779228,1,1
Female,General,Urban,64.2507848965281,0,0
Female,ST,Urban,89.29472591393505,1,1
Male,General,Urban,68.01689630769137,0,1
Female,General,Rural,84.19164150104467,1,1
Female,General,Rural,76.71748830246493,1,0
Female,General,Rural,70.29902096621079,0,0
Male,General,Rural,62.47668604751499,0,0
Female,OBC,Urban,68.13106163865116,0,0
Female,OBC,Rural,65.24225860187278,0,0
Male,SC,Rural,63.44110492922496,0,0
Female,General,Urban,67.65779551947351,0,0
Male,OBC,Rural,66.63507996952788,0,0
Female,OBC,Urban,60.932540974908505,0,0
Male,OBC,Rural,73.50464486514008,0,0
Male,General,Rural,75.38245890016898,1,1
Female,ST,Urban,63.485827639038284,0,0
Male,SC,Rural,74.89261639660653,0,0
Male,General,Urban,84.30346352787939,1,1
Male,ST,Rural,67.4590588550499,0,0
Male,SC,Urban,63.421527015757775,0,0
Male,ST,Urban,61.65799799147294,0,0
Male,General,Rural,74.94186882904907,1,0
Male,OBC,Urban,77.78758668664564,1,1
Female,ST,Urban,87.14099934584283,1,1
Male,SC,Rural,54.69522505851311,0,0
Male,SC,Rural,67.33884313807818,0,0
Male,General,Urban,69.64295684200059,0,1
Female,ST,Urban,77.20512860136772,1,0
Male,General,Rural,62.834656373414305,0,0
Male,OBC,Rural,62.5279176452421,0,0
Male,OBC,Urban,58.785395845427686,0,0
Female,ST,Urban,53.95219690382168,0,0
Male,General,Urban,70.21147329918618,1,1
Male,General,Rural,61.634934663377905,0,0
Female,ST,Urban,85.13784916189404,1,1
Female,SC,Urban,64.40356150408302,0,0
Female,OBC,Urban,72.98515273739991,1,1
Male,ST,Rural,76.56474503938661,0,0
Female,ST,Rural,70.53803271216744,0,0
Male,OBC,Urban,74.22227828464287,1,1
Female,SC,Rural,82.81853981531214,1,0
Male,SC,Urban,85.61893996690753,1,1
Female,General,Urban,71.27004075226645,1,0
Male,General,Rural,76.93681386285137,1,0
Male,General,Rural,75.47628764944538,1,1
Female,General,Urban,71.95283797443676,1,1
Male,SC,Urban,81.61029416590259,1,1
Male,OBC,Rural,56.073586551339346,0,0
Female,OBC,Urban,74.65861232227564,1,0
Male,General,Rural,85.11187536844585,1,1
Male,ST,Rural,77.97277152946941,0,0
Male,General,Urban,77.4328878662256,1,1
Female,ST,Urban,61.87315209405267,0,0
Male,SC,Rural,62.806179794654525,0,0
Female,ST,Urban,72.97445561877414,0,1
Male,SC,Urban,70.37329050603644,0,0
Male,SC,Rural,71.61104629288174,0,0
Female,ST,Rural,77.0703635725586,0,1
Female,ST,Urban,86.45665690819645,1,1
Female,General,Urban,79.8228897832308,1,1
Female,General,Urban,68.19043762907944,0,0
Male,General,Urban,75.32971885254139,1,1
Female,General,Rural,69.86719935999254,0,0
Male,OBC,Urban,70.51583136252748,1,0
Female,SC,Rural,71.22079424418608,0,0
Male,ST,Rural,85.396585711075,1,1
Male,OBC,Rural,83.82152106513776,1,1
Male,OBC,Urban,58.37756069794338,0,0
Male,OBC,Urban,79.55940885404618,1,1
Female,OBC,Urban,74.80633550388548,1,1
Female,SC,Urban,80.70777785975702,1,1
Male,ST,Rural,61.770751912912885,0,0
Female,ST,Rural,71.29404309735979,0,0
Male,General,Urban,68.9689693728431,0,0
Female,SC,Rural,82.57429666766168,1,0
Female,SC,Urban,66.52548854343246,0,0
Male,SC,Urban,73.00097855347255,0,0
Male,General,Rural,85.58739421121541,1,1
Female,OBC,Urban,72.7132824705695,1,1
Male,ST,Urban,77.47744414144523,1,1
Male,General,Urban,61.68036565654994,0,0
Male,SC,Urban,83.98506391560332,1,1
Male,General,Urban,97.81874344857283,1,1
Female,General,Urban,60.98716437977322,0,0
Female,General,Rural,63.44380361815925,0,0
Male,ST,Urban,55.308477117970696,0,0
Female,OBC,Rural,51.64186560483496,0,0
Male,SC,Rural,85.42356872825188,1,1
Female,OBC,Urban,70.49717924296199,1,0
Male,General,Rural,88.34509852702541,1,1
Male,General,Rural,78.77048265837826,1,1
Male,ST,Rural,68.83660957933839,0,0
Female,General,Urban,73.0261339976964,1,1
Male,ST,Urban,83.50426618446427,1,1
Male,OBC,Urban,60.02140923901503,0,0
Female,ST,Rural,70.86692712289775,0,0
Male,SC,Urban,66.70823563388541,0,0
Female,SC,Urban,64.50937878954801,0,0
Female,OBC,Urban,70.93255510283579,1,0
Male,OBC,Urban,59.16675997035808,0,0
Male,OBC,Urban,66.89043238255435,0,0
Male,General,Urban,56.068948968570574,0,0
Male,ST,Urban,81.59056444075323,1,1
Female,General,Rural,67.99281174269721,0,0
Female,SC,Rural,60.21125423538135,0,0
Male,ST,Urban,65.00467829406004,0,0
Female,ST,Rural,76.38563236683822,0,1
Male,SC,Rural,76.9750703797885,0,0
Female,ST,Urban,82.20570959747936,1,0
Female,SC,Urban,65.7950586764818,0,0
Female,OBC,Rural,71.53260128133857,0,0
Male,OBC,Urban,80.86312975360161,1,1
Female,SC,Urban,82.53534922953804,1,1
Female,SC,Rural,78.23532042308473,0,0
Male,General,Rural,73.22317517812834,0,0
Female,OBC,Rural,56.038007186303204,0,0
Female,SC,Urban,88.81337334200762,1,1
Female,OBC,Urban,61.851201155586715,0,0
Female,OBC,Urban,67.24375029854467,0,0
Female,SC,Urban,76.62152476811036,0,0
Male,ST,Urban,58.72168214575489,0,0
Male,OBC,Rural,59.175325779222,0,0
Male,ST,Urban,66.9367316785438,0,0
Male,SC,Urban,78.65310293806408,1,0
Female,General,Rural,70.10305269376217,0,0
Male,ST,Rural,69.12388813677953,0,0
Female,ST,Urban,85.62145480377467,1,1
Female,General,Urban,74.01957408846819,1,1
Female,SC,Rural,65.92351582160225,0,0
Female,ST,Rural,51.49497129106145,0,0
Female,OBC,Rural,76.89081471389918,1,1
Female,General,Urban,81.18099253315958,1,1
Female,SC,Urban,83.29077594873814,1,1
Female,General,Urban,73.7627295619381,1,0
Female,SC,Rural,60.14896694006387,0,0
Male,ST,Rural,83.22134518229636,1,1
Male,General,Rural,79.82769158740008,1,1
Male,ST,Rural,70.33300808654288,0,0
Male,OBC,Rural,96.62708576490311,1,1
Female,ST,Urban,71.98412503767878,0,0
Male,SC,Urban,74.44195077380249,0,0
Male,SC,Urban,87.6145744208578,1,1
Male,OBC,Rural,65.80770674472862,0,0
Female,ST,Rural,73.93249391884551,0,0
Male,ST,Rural,69.49654155695937,0,0
Female,OBC,Rural,83.40482547084795,1,1
Female,OBC,Rural,89.76549908771233,1,1
Male,ST,Urban,86.78312641112406,1,1
Female,ST,Rural,81.2217563761362,1,1
Female,OBC,Rural,72.94623460682543,0,1
Male,General,Urban,58.95213558260477,0,0
Female,General,Rural,69.96748009821938,0,0
Male,ST,Urban,77.14977877971047,1,0
Male,ST,Urban,74.94473510526478,0,0
Female,General,Rural,60.8600101201442,0,0
Female,General,Urban,65.1153820476503,0,0
Male,SC,Rural,78.81252650465493,0,0
Male,General,Urban,54.22431306995376,0,0
Female,SC,Urban,61.929014912319765,0,0
Female,SC,Urban,67.7746928370237,0,0
Female,ST,Rural,62.42681301525206,0,0
Female,ST,Rural,63.69464476115422,0,0
Female,SC,Urban,78.88386811410189,1,1
Female,ST,Urban,66.6838109323638,0,0
Male,General,Urban,93.9911538465208,1,1
Female,General,Rural,75.28121596039577,1,1
Male,General,Rural,81.28142842667462,1,0
Female,General,Urban,84.79576171753064,1,1
Female,OBC,Urban,88.11568716734868,1,1
Male,SC,Urban,64.17251616633186,0,0
Female,OBC,Rural,78.24088029670612,1,1
Female,OBC,Rural,95.69346391017976,1,1
Female,SC,Urban,76.72784312485446,0,0
Female,OBC,Rural,63.783899728149294,0,0
Female,SC,Rural,78.14878308865954,0,0
Female,SC,Urban,83.0076480894625,1,1
Male,General,Urban,58.5630734567304,0,0
Female,OBC,Urban,48.47603794478957,0,0
Male,OBC,Urban,33.21165585746426,0,0
Male,SC,Urban,49.782428778943604,0,0
Female,General,Urban,52.89562944454255,0,0
Male,OBC,Urban,77.63367891159466,1,1
Female,General,Urban,92.93896508358878,1,1
Female,General,Urban,84.30946538351051,1,1
Male,SC,Rural,82.36641865987832,1,0
Male,General,Urban,66.70770061815996,0,0
Female,OBC,Rural,67.0339753860318,0,0
Female,General,Urban,70.39215956456094,1,0
Female,OBC,Rural,62.88815784946771,0,0
Female,SC,Rural,65.6070969517271,0,0
Female,General,Urban,76.8036900634729,1,1
Male,ST,Rural,66.08359067246649,0,0
Female,SC,Rural,85.6724324498353,1,1
Male,OBC,Urban,66.84956215995928,0,1
Male,SC,Urban,66.3324286012612,0,0
Male,OBC,Rural,79.88293564711162,1,1
Female,ST,Urban,74.54799016492188,0,1
Female,General,Urban,105.81406596762749,1,1
Male,OBC,Urban,70.27662095650862,1,0
Male,ST,Rural,60.61867433222265,0,0
Male,ST,Rural,76.98257976256532,0,1
Male,ST,Rural,67.20576775602925,0,0
Female,SC,Urban,85.01056590783479,1,1
Male,SC,Urban,72.6447297283139,0,1
Male,OBC,Urban,65.9938653054924,0,0
Male,OBC,Rural,66.23077409546885,0,0
Male,ST,Urban,64.60899066184464,0,0
Female,General,Urban,87.84741687187085,1,1
Male,SC,Urban,56.192309443341074,0,0
Female,OBC,Rural,68.2643522636028,0,0
Male,ST,Rural,47.20362636832449,0,0
Male,SC,Rural,64.25408255158226,0,0
Male,General,Urban,72.71632612381262,1,1
Male,General,Urban,69.50758447208325,0,0
Female,General,Rural,82.46344091125712,1,1
Male,General,Urban,67.84134152146221,0,0
Female,OBC,Urban,72.19247991040349,1,1
Male,ST,Rural,61.099804497999145,0,0
Female,SC,Rural,71.81982817766992,0,0
Male,SC,Rural,76.45081207447515,0,0
Female,ST,Urban,91.14089977693042,1,1
Female,SC,Urban,95.0716314633202,1,1
Female,ST,Urban,70.98345632713288,0,0
Male,OBC,Urban,84.1782014315645,1,1
Male,ST,Urban,83.15542190211835,1,1
Female,SC,Urban,63.97658407118253,0,0
Female,SC,Urban,93.28354140533423,1,1
Female,ST,Urban,64.69564926827304,0,0
Male,SC,Rural,71.40593365409082,0,0
Female,SC,Urban,84.3244817483782,1,1
Female,OBC,Urban,64.98180932457939,0,0
Male,ST,Rural,66.60685606879086,0,0
Male,OBC,Urban,74.80215275703033,1,0
Female,OBC,Urban,60.65414539873892,0,0
Male,OBC,Urban,90.12075194929882,1,1
Female,OBC,Urban,66.71797157207126,0,0
Female,General,Rural,75.29548360267225,1,1
Female,OBC,Urban,65.51280120618976,0,0
Male,ST,Urban,55.696621868644755,0,0
Female,General,Rural,54.89476974656248,0,0
Male,ST,Urban,75.96599753071301,0,0
Female,SC,Rural,55.38247284955018,0,0
Male,SC,Urban,94.11667112535307,1,1
Female,SC,Urban,71.11509453651871,0,0
Female,General,Urban,55.26170174279448,0,0
Male,SC,Rural,64.566781532581,0,0
Female,ST,Urban,77.48035825101346,1,0
Male,OBC,Rural,79.56587633867686,1,0
Female,General,Rural,67.46918882268459,0,0
Female,ST,Urban,75.32467969077044,0,1
Male,ST,Urban,73.21863757194375,0,0
Female,General,Urban,75.9679473558098,1,0
Female,OBC,Urban,66.73710933030267,0,1
Female,ST,Urban,54.240061144621464,0,0
Female,General,Urban,81.48005165393289,1,1
Male,OBC,Urban,72.02754519244415,1,0
Female,OBC,Rural,68.15472665238123,0,1
Female,SC,Urban,77.59400965470837,1,1
Female,ST,Rural,76.97788957005955,0,0
Female,ST,Urban,80.18927831983012,1,1
Female,OBC,Rural,60.757819167417885,0,0
Female,SC,Urban,70.71243239912121,0,0
Female,OBC,Rural,65.10257195959962,0,0
Male,General,Urban,86.4240099051686,1,1
Female,OBC,Urban,61.31470723570334,0,0
Male,ST,Urban,53.179183105618925,0,0
Female,SC,Urban,83.69640508708571,1,1
Female,ST,Rural,66.80463830921929,0,0
Male,OBC,Urban,79.21990486154185,1,1
Female,SC,Rural,70.61642308329614,0,0
Female,ST,Rural,75.95953284302014,0,0
Female,ST,Urban,63.13548726929256,0,0
Male,ST,Rural,78.87956483599241,0,0
Male,General,Rural,70.31230186017756,0,1
Male,ST,Rural,76.60457711879197,0,0
Female,General,Urban,65.24035835543712,0,0
Female,ST,Urban,79.1071156405545,1,0
Female,General,Urban,69.37115684500336,0,0
Male,ST,Urban,71.70616860830646,0,0
Male,SC,Rural,65.2910220867001,0,0
Female,SC,Urban,66.13536864443905,0,0
Female,OBC,Rural,67.414360646455,0,0
Female,SC,Rural,70.40168533386975,0,0
Male,ST,Rural,76.02301881680344,0,0
Male,OBC,Urban,65.69666845960997,0,0
Male,General,Rural,61.32763270388112,0,0
Female,SC,Urban,81.34395676026101,1,1
Male,OBC,Urban,70.21649270610796,1,0
Female,SC,Urban,63.57304225209729,0,0
Female,General,Urban,81.26897010636515,1,1
Male,SC,Rural,75.29891984330291,0,1
Female,SC,Urban,71.87023076909692,0,0
Male,OBC,Urban,75.72077716396387,1,1
Female,SC,Urban,68.01125621849161,0,0
Female,SC,Urban,68.06124235347383,0,0
Male,ST,Rural,72.97009144996146,0,0
Male,General,Urban,76.67372114565735,1,1
Female,General,Urban,66.11427551096818,0,0
Female,OBC,Rural,81.78252687701328,1,1
Male,ST,Rural,58.391588425951475,0,0
Male,SC,Urban,64.17050060608636,0,0
Female,ST,Rural,73.5817149065734,0,0
Male,General,Rural,73.84367579125838,0,0
Male,SC,Urban,67.89963736519967,0,0
Female,ST,Rural,74.06243865229186,0,0
Female,General,Rural,76.73407710215898,1,0
Female,General,Urban,78.23492774633007,1,1
Female,ST,Urban,72.18772156858272,0,0
Male,General,Rural,79.21083180839192,1,1
Male,ST,Urban,87.49209123208271,1,1
Male,SC,Urban,88.70852247654811,1,1
Female,SC,Urban,74.88753001071956,0,0
Female,SC,Rural,66.50110989400319,0,0
Male,ST,Rural,60.24720194141606,0,0
Male,ST,Rural,84.72542996607405,1,0
Male,OBC,Urban,64.62646624679647,0,1
Male,SC,Rural,88.16751914394285,1,1
Male,OBC,Urban,81.59735867341462,1,1
Female,ST,Rural,69.65604397810783,0,0
Female,General,Rural,69.43719323278414,0,0
Male,SC,Rural,52.16763295300849,0,0
Female,SC,Rural,78.68940141516495,0,0
Female,General,Urban,93.70190573747405,1,1
Male,ST,Rural,77.98056722104927,0,1
Female,OBC,Rural,57.72957407294858,0,0
Male,SC,Urban,77.01183046690852,1,0
Male,General,Urban,84.93951899644549,1,1
Female,ST,Rural,72.64537734044205,0,0
Female,OBC,Urban,81.25023613436771,1,1
Male,ST,Urban,91.18418810312478,1,1
Female,SC,Urban,71.79223012423034,0,0
Female,ST,Rural,59.7531844676367,0,0
Female,OBC,Rural,68.21446946657976,0,0
Female,OBC,Urban,69.33946959208782,0,1
Female,General,Rural,69.26912862794046,0,0
Female,General,Rural,64.10452710126182,0,0
Female,SC,Urban,69.38636788500949,0,0
Male,OBC,Urban,76.35689203159238,1,1
Male,ST,Urban,58.06396727753747,0,0
Female,General,Rural,70.5266606906094,0,0
Male,OBC,Rural,72.67476688816248,0,0
Female,SC,Rural,70.88568623338297,0,0
Male,OBC,Urban,67.54803124311405,0,0
Male,SC,Urban,73.45387014844492,0,0
Female,OBC,Urban,78.84675999409863,1,1
Male,OBC,Urban,73.25349020695737,1,1
Female,ST,Urban,71.25278684940703,0,0
Male,ST,Rural,77.07355120884642,0,0
Male,SC,Urban,80.16973715730741,1,0
Female,General,Urban,82.56147242296925,1,1
Female,SC,Urban,65.35692040205072,0,0
Female,SC,Urban,66.87992333770688,0,0
Male,OBC,Rural,65.80500227435664,0,0
Male,General,Rural,77.67957690428719,1,0
Male,ST,Rural,70.15701679901439,0,0
Female,General,Urban,80.57438835524358,1,1
Female,OBC,Urban,71.52940616962334,1,1
Female,SC,Urban,66.34409320384088,0,0
Female,General,Urban,44.323487022302984,0,0
Female,SC,Rural,93.79154437136535,1,1
Male,OBC,Urban,61.54796440218207,0,0
Male,General,Urban,76.96767934198718,1,1
Male,SC,Urban,64.42093908597646,0,0
Female,OBC,Urban,52.82050702217391,0,0
Male,SC,Rural,79.02923910343893,0,1
Female,General,Rural,84.48322115667938,1,1
Female,General,Urban,72.09923990245328,1,0
Female,General,Rural,68.6874505778384,0,0
Female,SC,Urban,64.41089612096603,0,0
Male,SC,Urban,70.26508583270467,0,0
Male,OBC,Urban,55.29978260645707,0,0
Male,OBC,Rural,67.32925681284974,0,0
Female,General,Rural,64.03473709097443,0,0
Female,ST,Rural,74.20080450958521,0,0
Male,General,Rural,69.44154214906965,0,0
Female,OBC,Rural,64.68827798566484,0,0
Female,General,Urban,71.86035521266469,1,0
Female,SC,Urban,43.882937787028254,0,0
Female,General,Urban,76.09664033076649,1,1
Female,SC,Rural,70.25135236329307,0,0
Female,ST,Urban,65.16259795818343,0,0
Female,General,Rural,78.3302136801285,1,1
Male,General,Rural,79.13440692126204,1,1
Female,OBC,Urban,59.50900674863792,0,0
Male,General,Urban,71.98634110161964,1,1
Male,ST,Urban,82.17676532179374,1,1
Male,SC,Rural,78.69532421485735,0,0
Male,ST,Rural,74.05257578173828,0,0
Female,General,Urban,68.18844049566938,0,0
Male,SC,Urban,76.28105091159526,0,0
Female,OBC,Urban,74.92242139898575,1,0
Male,General,Rural,74.35407400604633,1,0
Female,SC,Rural,71.97141789569297,0,0
Male,OBC,Rural,71.02576072619061,0,0
Female,ST,Rural,83.64583149288575,1,1
Female,OBC,Rural,69.03332654078262,0,0
Male,ST,Urban,73.01396008748205,0,0
Male,OBC,Urban,82.2556421261576,1,1
Male,ST,Urban,58.72493534242462,0,0
Female,SC,Urban,67.75557350221636,0,0
Female,ST,Urban,64.46690564085098,0,0
Female,OBC,Urban,70.5100262420576,1,1
Female,ST,Urban,70.4956456061323,0,0
Male,SC,Urban,73.0485202575131,0,0
Male,SC,Urban,89.05420561664693,1,1
Male,General,Urban,76.89575605572924,1,0
Male,General,Urban,78.87977355610352,1,1
Female,General,Urban,73.13552266324251,1,1
Male,SC,Rural,66.74787727467758,0,0
Male,OBC,Rural,72.34371314857997,0,0
Female,General,Rural,72.01667940401676,0,0
Male,SC,Urban,53.680397508663916,0,0
Female,ST,Urban,69.89166201312402,0,0
Female,SC,Rural,74.86924393069661,0,1
Female,General,Urban,78.47493317423229,1,1
Male,ST,Rural,63.3908223255178,0,0
Male,SC,Urban,51.545645318020675,0,0
Female,OBC,Urban,62.29159754088295,0,0
Female,ST,Urban,66.73178242141324,0,0
Male,General,Urban,80.66162686434774,1,1
Female,General,Urban,55.649847007332504,0,0
Male,General,Urban,68.92021637972121,0,0
Female,OBC,Rural,64.76324789914379,0,0
Female,SC,Urban,72.22795879345988,0,0
Female,ST,Urban,64.921465070896,0,0
Male,OBC,Rural,63.14486930955742,0,0
Female,General,Urban,73.30788516738029,1,1
Female,General,Urban,78.9646784186843,1,1
Male,General,Urban,79.56338215958283,1,1
Female,OBC,Urban,79.84788627727856,1,1
Male,ST,Rural,74.63419710973658,0,0
Male,OBC,Urban,74.46725567216812,1,1
Male,SC,Urban,69.34761593840553,0,0
Male,ST,Rural,71.5375864048886,0,0
Male,OBC,Rural,87.85381025387193,1,1
Male,ST,Rural,74.154198909148,0,0
Male,SC,Rural,79.5224361500473,0,0
Female,General,Urban,77.72705108326149,1,1
Male,SC,Rural,62.670011461647604,0,0
Male,General,Urban,72.01520493462613,1,1
Female,OBC,Urban,74.22821231855485,1,0
Female,General,Urban,51.734469423414986,0,0
Female,SC,Urban,65.63767471558714,0,0
Male,OBC,Urban,74.8510201093145,1,1
Male,ST,Rural,68.87612975434713,0,0
Female,SC,Rural,76.94075084651435,0,0
Male,General,Urban,84.23227386850404,1,1
Male,General,Rural,80.188893800296,1,1
Male,ST,Urban,61.583172808836096,0,0
Male,OBC,Rural,78.04906873477759,1,1
Female,ST,Rural,76.39020420416502,0,0
Male,OBC,Rural,78.7181138146666,1,1
Female,SC,Urban,71.86297075649631,0,0
Male,SC,Rural,89.12711540722277,1,1
Male,OBC,Rural,93.42726184395589,1,1
Female,General,Rural,64.42006069629663,0,0
Male,OBC,Rural,59.4607781468539,0,0
Male,General,Urban,68.77267567014735,0,0
Male,SC,Rural,67.94073963400648,0,0
Female,General,Urban,79.08132983002844,1,1
Male,General,Urban,66.6250231312439,0,0
Male,General,Rural,66.82192802568383,0,0
Male,ST,Rural,68.91644800773801,0,0
Female,ST,Rural,71.4845332337132,0,0
Female,General,Rural,75.55846489033573,1,0
Female,General,Urban,74.34253127819535,1,0
Male,ST,Urban,73.30668536530777,0,0
Male,ST,Rural,71.3450155683955,0,0
Male,General,Urban,53.722208118224245,0,0
Female,SC,Urban,71.8689381971651,0,0
Male,General,Urban,70.93536337500126,1,0
Female,SC,Rural,68.9987359042535,0,0
Male,General,Urban,68.48381920383687,0,0
Female,OBC,Urban,58.316309286790755,0,0
Male,OBC,Rural,81.43872698841399,1,1
Female,ST,Rural,69.74058184342512,0,0
Male,SC,Urban,79.02149761192213,1,1
Male,SC,Rural,63.39071636737718,0,0
Male,OBC,Urban,67.06353266803194,0,1
Male,SC,Rural,70.67914604384404,0,0
Female,SC,Rural,68.35035586882137,0,0
Male,General,Urban,69.40174531248442,0,1
Female,SC,Urban,62.53367770163405,0,0
Female,OBC,Urban,81.91411445706166,1,1
Male,ST,Rural,92.7698518375928,1,1
Male,ST,Urban,79.8950876642808,1,1
Female,ST,Rural,60.39804398553246,0,0
Female,OBC,Rural,56.6754100770143,0,0
Female,ST,Rural,77.36375243390935,0,0
Male,OBC,Urban,71.28112010886892,1,1
Male,General,Urban,81.83732119620848,1,1
Female,OBC,Urban,76.4745214302302,1,1
Female,ST,Urban,54.97567242751126,0,0
Female,ST,Rural,58.07748452543757,0,0
Male,ST,Rural,62.41921520047179,0,0
Female,ST,Rural,71.67380435953483,0,0
Male,OBC,Urban,63.69924189224727,0,0
Male,ST,Rural,65.93963670588055,0,0
Male,SC,Rural,65.895439450689,0,0
Male,General,Urban,67.3580733141742,0,0
Female,SC,Rural,82.66767036114783,1,0
Female,SC,Rural,69.85525535698558,0,0
Female,SC,Rural,73.72021833653692,0,0
Female,OBC,Urban,63.66254865269808,0,0
Male,OBC,Rural,78.96258923674101,1,1
Male,OBC,Rural,55.348934689300236,0,0
Female,OBC,Urban,70.75389471498173,1,1
Female,SC,Urban,82.52503748040493,1,1
Female,ST,Rural,60.219361120070936,0,0
Female,ST,Urban,69.78061369422849,0,0
Female,OBC,Urban,75.01053429191667,1,1
Male,OBC,Rural,64.57018016468011,0,0
Male,General,Urban,83.60738967774688,1,1
Female,General,Urban,73.77377281703782,1,1
Male,SC,Rural,67.53880732301913,0,0
Female,ST,Rural,80.32993485572912,0,0
Male,SC,Rural,67.15928966512975,0,0
Female,SC,Urban,67.10292740349803,0,0
Female,OBC,Urban,75.59315379774651,1,1
Female,SC,Urban,66.26685991835775,0,0
Female,OBC,Rural,75.63639241339351,1,1
Male,OBC,Rural,92.36574103398277,1,1
Male,OBC,Urban,70.97554532712789,1,0
Male,ST,Urban,64.5929775451736,0,0
Male,SC,Urban,83.01096920672285,1,1
Female,SC,Rural,67.18551013714256,0,0
Female,ST,Rural,71.90723957123147,0,0
Female,General,Urban,65.18054544321058,0,0
Female,General,Rural,81.99314789565945,1,1
Female,SC,Rural,89.24491987636058,1,1
Male,OBC,Rural,77.0008929180601,1,1
Female,SC,Urban,89.01346805967556,1,1
Male,ST,Rural,72.09306427407603,0,0
Female,General,Rural,72.17015438524255,0,1
Male,OBC,Rural,83.41360817965464,1,1
Male,General,Urban,74.9780140483739,1,1
Female,SC,Urban,76.60030753181742,0,1
Female,SC,Urban,78.73285326899662,1,1
Female,SC,Urban,66.35259470220852,0,0
Male,SC,Rural,85.32154098421796,1,1
Female,ST,Urban,67.5487066955444,0,0
Male,General,Rural,71.50801962265248,0,0
Female,General,Urban,59.60326318443744,0,0
Male,General,Urban,88.26557061037624,1,1
Female,ST,Urban,74.76733154435367,0,0
Male,General,Rural,67.92582563959607,0,0
Female,OBC,Rural,83.15730750275625,1,1
Male,SC,Urban,77.83255696875817,1,1
Male,OBC,Urban,44.87181092471682,0,0
Female,ST,Rural,67.31567014071071,0,0
Male,ST,Urban,77.02761659785907,1,0
Female,OBC,Rural,60.557248977214634,0,0
Female,General,Rural,94.42279911565004,1,1
Female,SC,Urban,68.00163189127497,0,0
Female,General,Rural,68.2508268845334,0,0
Female,OBC,Urban,60.30050412479869,0,0
Female,ST,Urban,76.06700205312322,0,1
Female,OBC,Rural,79.7515326713173,1,1
Male,ST,Urban,74.71414687512453,0,1
Female,OBC,Urban,58.82652788073234,0,0
Female,OBC,Rural,87.67143701794316,1,1
Female,SC,Urban,50.5328282270123,0,0
Male,General,Urban,67.03106312815333,0,0
Female,SC,Rural,75.81131483679937,0,0
Male,ST,Rural,74.09374955781094,0,0
Male,General,Urban,79.2112776224668,1,1
Male,SC,Urban,63.380303710389235,0,0
Male,General,Rural,80.6686376780557,1,1
Female,ST,Rural,83.521064685303,1,0
Male,OBC,Urban,71.0784759741948,1,0
Female,General,Urban,85.32404397855547,1,1
Female,General,Urban,77.98550962710573,1,1
Male,ST,Urban,69.24538558986836,0,0
Female,OBC,Rural,71.36370644662489,0,0
Male,General,Urban,64.41383441290664,0,0
Female,ST,Rural,73.51702174166626,0,0
Male,General,Urban,78.62605962468038,1,1
Female,ST,Rural,84.25652643418667,1,1
Male,OBC,Urban,80.09234879536751,1,1
Male,OBC,Urban,64.3350411923607,0,0
Female,ST,Urban,78.88611623607487,1,1
Female,ST,Rural,66.03987417920229,0,0
Male,General,Rural,61.486692401595946,0,0
Female,OBC,Rural,79.16566180251002,1,1
Female,ST,Rural,97.41890397049256,1,1
Male,ST,Urban,88.43570845268944,1,1
Female,ST,Rural,72.10799661377193,0,0
Male,OBC,Rural,67.14876032606102,0,0
Male,ST,Urban,63.1064600414889,0,0
Female,SC,Rural,77.14169043275415,0,0
Male,SC,Urban,92.84625458677985,1,1
Male,General,Urban,49.86340449229243,0,0
Male,OBC,Rural,77.70341462769115,1,0
Female,General,Rural,58.485988300968984,0,0
Female,ST,Urban,87.38741298551824,1,1
Female,SC,Rural,77.25435399531513,0,1
Male,OBC,Urban,58.86573296852383,0,0
Male,General,Urban,73.56546116260232,1,1
Female,SC,Rural,67.98682998592392,0,0
Female,OBC,Rural,87.96403965495395,1,1
Male,General,Urban,80.9008946090666,1,1
Male,General,Urban,67.14791566714364,0,1
Female,SC,Urban,63.12959425038378,0,0
Male,OBC,Urban,67.43564251454292,0,1
Female,SC,Urban,46.497974795847426,0,0
Male,General,Urban,57.5620156103899,0,0
Male,General,Urban,59.566352562108136,0,0
Female,ST,Rural,56.39961499094737,0,0
Female,General,Urban,74.30510023208878,1,1
Female,OBC,Rural,64.04803790164375,0,0
Female,General,Urban,60.815817511384196,0,0
Female,General,Rural,70.66341348041455,0,1
Male,ST,Rural,75.98497562643185,0,0
Female,ST,Rural,58.40950665092353,0,0
Female,ST,Rural,79.98333873012166,0,0
Male,SC,Urban,74.45920929629364,0,0
Female,SC,Rural,70.66890395506204,0,0
Female,OBC,Urban,74.07103722361956,1,1
Male,ST,Urban,62.50089921482671,0,0
Male,General,Rural,69.82445207297577,0,0
Female,SC,Urban,63.20332764328966,0,0
Male,General,Urban,75.80930980087992,1,1
Female,OBC,Rural,72.82478962942044,0,0
Female,General,Rural,75.04780403131255,1,0
Male,SC,Urban,70.35057154542987,0,0
Female,OBC,Urban,66.69848987988526,0,0
Male,ST,Rural,58.041079052066905,0,0
Female,OBC,Rural,74.1502624418134,1,1
Female,OBC,Urban,79.29476195352585,1,1
Female,OBC,Urban,77.63556075075067,1,1
Female,ST,Urban,60.01914316415559,0,0
Female,ST,Rural,55.10965113726799,0,0
Male,General,Urban,68.51216373627277,0,1
Female,General,Rural,75.28285602668227,1,1
Male,OBC,Urban,70.5370362929614,1,1
Male,ST,Urban,60.50164798946315,0,0
Male,SC,Urban,68.45436990642352,0,0
Female,OBC,Urban,57.76630795204947,0,0
Male,SC,Urban,56.911372549678845,0,0
Female,General,Rural,80.12081108950115,1,0
Male,ST,Urban,88.83282456224524,1,1
Female,General,Rural,65.50411792523293,0,0
Male,General,Rural,71.68475353960537,0,1
Male,ST,Urban,79.94567574745166,1,1
Male,SC,Urban,54.94193368643852,0,0
Male,SC,Rural,69.98997666083157,0,0
Female,ST,Rural,80.11043196468097,0,0
Male,SC,Rural,87.84613468502418,1,1
Female,SC,Urban,71.56596585927137,0,0
Male,OBC,Urban,83.7009897672064,1,1
Male,ST,Urban,75.77064760706781,0,0
Male,General,Urban,69.42050471366085,0,0
Male,SC,Urban,83.90689955853215,1,1
Male,OBC,Urban,80.10024318753655,1,1
Male,SC,Rural,81.54247704652744,1,1
Male,SC,Urban,71.408188025556,0,0
Female,ST,Urban,80.06191115292339,1,1
Female,OBC,Urban,74.05677910610633,1,1
Female,General,Rural,52.05357770479429,0,0
Female,SC,Rural,80.51998528491505,0,1
Male,General,Rural,84.51665287828835,1,1
Male,ST,Urban,60.352085835647905,0,0
Female,ST,Urban,89.65104162407019,1,1
Female,ST,Urban,75.2909488021645,0,0
Male,General,Rural,86.6026991841672,1,1
Male,OBC,Urban,78.63441590290145,1,1
Male,General,Urban,72.64387161897515,1,0
Male,General,Rural,77.0545283668173,1,0
Male,SC,Rural,63.664856974639974,0,0
Female,SC,Rural,81.38543690775292,1,1
Male,ST,Urban,76.59326635521738,0,1
Male,SC,Urban,76.3699829376589,0,0
Female,General,Rural,85.50148861231901,1,1
Male,General,Rural,68.3590959275608,0,0
Female,OBC,Urban,68.23128233902716,0,0
Female,SC,Urban,67.63135789489905,0,0
Male,ST,Urban,68.5288544232778,0,0
Female,SC,Rural,62.84182248530604,0,0
Male,General,Urban,61.22393828972716,0,0
Male,SC,Urban,83.12103452503213,1,1
Female,General,Rural,58.59556503671561,0,0
Male,OBC,Urban,73.64760285315917,1,0
Female,OBC,Rural,64.73713484907324,0,0
Male,SC,Urban,81.02960290107895,1,1
Female,ST,Rural,79.7819042013907,0,0
Male,ST,Urban,58.88317237277651,0,0
Male,SC,Rural,67.43535025716106,0,0
Male,SC,Urban,57.25959297629206,0,0
Female,ST,Urban,70.39018947472776,0,0
Male,ST,Rural,76.29144338067294,0,0
Male,General,Urban,73.09973863338712,1,1
Male,SC,Rural,51.96036516148551,0,0
Male,OBC,Rural,67.88513069279568,0,0
Female,General,Urban,53.230144700565546,0,0
Male,ST,Rural,53.13211667197925,0,0
Female,OBC,Urban,74.52645465977585,1,1
Female,ST,Rural,67.21264174212439,0,0
Female,SC,Urban,59.167815591513694,0,0
Female,ST,Urban,64.23449965278239,0,0
Female,SC,Urban,72.85377891920307,0,0
Female,ST,Rural,73.9818755280289,0,0
Female,OBC,Urban,55.068617455797686,0,0
Male,OBC,Urban,66.71961294764299,0,0
Female,General,Urban,70.17769637918875,1,0
Male,ST,Rural,77.92113156137044,0,0
Female,General,Urban,77.88332101414554,1,0
Female,ST,Urban,67.71496178600259,0,0
Male,SC,Urban,57.606785457617804,0,0
Female,General,Rural,73.5323611513887,0,1
Male,SC,Rural,64.7313693200803,0,0
Female,General,Urban,71.0253078855813,1,1
Male,General,Urban,55.940291338780796,0,0
Female,General,Rural,69.61511039783919,0,0
Female,General,Urban,77.51361133838974,1,1
Female,OBC,Rural,83.2130212955106,1,0
Female,General,Rural,77.62368094427677,1,1
Female,General,Urban,77.9637579813367,1,1
Female,OBC,Rural,84.29863004964542,1,1
Male,General,Rural,53.701186290257205,0,0
Male,SC,Rural,75.3922031677525,0,0
Female,SC,Rural,71.99371660748506,0,0
Male,OBC,Rural,75.1927951964557,1,1
Male,SC,Rural,94.92689420023777,1,1
Female,SC,Urban,75.29665189823885,0,0
Female,SC,Rural,48.925555044737386,0,0
Male,General,Urban,79.58552015501024,1,1
Male,SC,Rural,59.6199799415831,0,0
Male,ST,Rural,85.67798349287523,1,1
Male,General,Rural,72.4510286804282,0,0
Female,SC,Urban,70.13554289089497,0,0
Male,ST,Rural,64.42765382758719,0,0
Female,SC,Rural,74.37852051271793,0,0
Male,ST,Urban,69.58553961932186,0,0
Male,SC,Urban,53.057336803340974,0,0
Female,ST,Urban,83.47342633467093,1,1
Female,General,Rural,78.77053486748368,1,0
Female,SC,Urban,78.93938850297152,1,0
Male,General,Rural,58.78553699680356,0,0
Male,ST,Rural,68.29022464698414,0,0
Male,ST,Urban,59.28853576405589,0,0
Female,OBC,Urban,81.797779430563,1,1
Male,OBC,Urban,86.81462088372992,1,1
Female,OBC,Urban,87.05519136010216,1,1
Female,OBC,Urban,69.5708260905952,0,0
Male,SC,Rural,68.57171135373204,0,0
Male,ST,Rural,68.41383352497425,0,0
Male,General,Rural,80.35326060423475,1,1
Male,OBC,Rural,62.4493877810102,0,0
Male,OBC,Urban,70.79693644735839,1,1
Male,SC,Rural,76.83719603794916,0,0
Male,SC,Rural,63.69477776424504,0,0
Male,General,Rural,81.46907669147632,1,1
Male,General,Rural,90.2175076030852,1,1
Male,SC,Urban,88.69650344975273,1,1
Male,ST,Rural,76.1505831408872,0,0
Female,ST,Rural,79.00227878850885,0,0
Male,SC,Urban,62.907260684636555,0,0
Male,SC,Rural,76.36999671724152,0,0
Male,ST,Urban,71.12109754894595,0,0
Female,OBC,Rural,61.84105581355587,0,0
Male,OBC,Urban,68.2988959529054,0,0
Female,General,Rural,85.4675416007004,1,1
Male,General,Urban,62.32504703430992,0,0
Male,OBC,Urban,56.32993924461383,0,0
Female,ST,Urban,48.21886868471128,0,0
Female,SC,Urban,64.50664345484496,0,0
Male,SC,Urban,87.3678927549419,1,1
Female,SC,Urban,63.13592479567315,0,0
Female,SC,Rural,67.60258035469101,0,0
Female,SC,Urban,71.83692311916715,0,0
Male,General,Urban,53.43847818122251,0,0
Male,SC,Urban,67.82837701203735,0,0
Male,SC,Rural,68.2250008642589,0,0
Male,SC,Urban,67.34491479168148,0,0
Female,General,Urban,71.54014360338516,1,1
Male,OBC,Urban,82.92982883592525,1,1
Female,ST,Urban,75.08174332436514,0,0
Female,SC,Urban,61.29139623442177,0,0
Male,General,Rural,69.3114124036915,0,0
Female,ST,Rural,64.18994015822544,0,0
Female,ST,Urban,76.86180843094155,0,0
Female,OBC,Urban,67.6509540753335,0,0
Female,General,Rural,62.65082920981418,0,0
Male,ST,Urban,61.507407850585,0,0
Female,OBC,Urban,76.30454158192988,1,0
Female,OBC,Rural,67.46166659157055,0,0
Male,OBC,Urban,86.44401350835452,1,1
Male,General,Rural,72.25398910485558,0,0
Female,General,Urban,77.61521495470772,1,1
Female,SC,Urban,78.28773853606296,1,1
Male,SC,Urban,68.32202911760413,0,0
Female,ST,Rural,61.17140926241995,0,0
Female,General,Rural,79.54066649685019,1,1
Male,SC,Urban,79.02440837789295,1,1
Male,OBC,Urban,73.9193094145585,1,1
Female,General,Urban,80.52420071140425,1,1
Male,OBC,Urban,63.02908617164033,0,0
Female,General,Rural,47.81178800471006,0,0
Male,SC,Urban,84.35089398455018,1,0
Male,General,Urban,81.14224082259001,1,1
Male,OBC,Rural,88.90731391366113,1,1
Female,ST,Rural,70.5588069254606,0,0
Male,SC,Rural,64.63965396337983,0,0
Female,SC,Urban,61.16711466638782,0,0
Female,SC,Rural,80.96454580954699,0,0
Male,General,Rural,80.98935863976641,1,1
Male,General,Rural,77.48657215468336,1,1
Female,ST,Rural,80.33294402747869,0,0
Male,ST,Urban,84.88155897033319,1,1
Female,SC,Urban,71.59758490065462,0,0
Female,SC,Urban,79.21739225404012,1,1
Male,OBC,Rural,83.63899463733084,1,1
Female,ST,Rural,76.38278809618987,0,0
Female,OBC,Rural,64.82335953614043,0,0
Male,General,Urban,73.04196277089349,1,0
Male,OBC,Rural,67.6027657190973,0,0
Female,OBC,Rural,91.07609323152624,1,1
Male,SC,Urban,77.23707380695672,1,0
Male,ST,Urban,66.03203279219512,0,0
Female,General,Rural,71.61255671252886,0,0
Male,ST,Rural,79.10014543256145,0,0
Male,SC,Rural,71.33254732578133,0,0
Female,OBC,Urban,73.81073247987685,1,1
Male,General,Urban,57.20485625387792,0,0
Male,General,Urban,59.82586019752503,0,0
Male,General,Rural,63.369329472250044,0,0
Male,ST,Rural,62.58893432588798,0,0
Female,ST,Urban,68.78380763876386,0,0
Male,ST,Urban,74.05281266922727,0,0
Male,ST,Rural,55.57699307064221,0,0
Male,SC,Urban,60.69003326783607,0,0
Male,ST,Rural,79.1538954270835,0,0
Female,SC,Urban,83.95806014253719,1,1
Male,ST,Urban,73.99494823903956,0,1
Female,OBC,Urban,85.63815537794288,1,1
Male,ST,Urban,82.13672846037042,1,1
Female,ST,Rural,65.6482580197621,0,0
Female,SC,Rural,70.07400082394888,0,0
Male,SC,Urban,60.64677510092075,0,0
Female,General,Urban,66.02475366918283,0,0
Male,OBC,Urban,72.55153432836337,1,1
Female,OBC,Rural,78.21484561084115,1,1
Male,SC,Urban,87.22881305698148,1,1
Female,OBC,Rural,66.62487994578618,0,0
Male,OBC,Urban,77.28580222715672,1,1
Male,ST,Rural,80.01939176908186,0,0
Female,OBC,Urban,67.76223027009837,0,0
Female,General,Urban,86.81121954020995,1,1
Female,ST,Urban,60.32705168922748,0,0
Female,SC,Rural,67.51895494090932,0,0
Male,OBC,Urban,70.18230989569945,1,1
Female,ST,Urban,76.11025859001435,0,0
Female,SC,Rural,82.07671944010391,1,1
Male,General,Rural,68.57836760294398,0,0
Female,OBC,Urban,77.68844805492442,1,1
Male,ST,Urban,78.4269967354893,1,0
Female,SC,Rural,75.60816207325779,0,0
Male,OBC,Urban,70.86831628037761,1,1
Male,ST,Urban,64.36476882182134,0,0
Male,SC,Rural,54.532625615301,0,0
Female,SC,Urban,76.40069469764305,0,0
Female,ST,Rural,83.83333926144898,1,1
Female,ST,Rural,61.69856758992336,0,0
Male,SC,Urban,68.56412408731876,0,0
Male,General,Urban,81.35458679659575,1,1
Male,SC,Rural,77.70973878139274,0,0
Female,ST,Rural,62.15474289160659,0,0
Female,OBC,Urban,63.08380731452928,0,0
Female,ST,Urban,62.81691786355495,0,0
Female,OBC,Rural,74.94681887383227,1,0
Male,General,Rural,75.96502597785226,1,1
Female,ST,Rural,93.70942400243129,1,1
Female,ST,Urban,66.25976603427526,0,0
Female,General,Rural,65.31612541920235,0,0
Male,ST,Urban,72.3156823716848,0,0
Male,ST,Urban,76.5513394064809,0,0
Male,General,Urban,81.37893016492553,1,1
Male,ST,Urban,82.49630031347775,1,1
Female,ST,Urban,63.671889951373984,0,0
Male,General,Urban,68.35155312431377,0,1
Female,ST,Rural,81.13419641790728,1,0
Male,ST,Rural,73.8187393133405,0,0
Female,General,Rural,73.77047827018956,0,0
Female,General,Rural,83.10977543387583,1,1
Male,OBC,Rural,67.02559657832917,0,0
Male,General,Rural,70.45099739991446,0,0
Female,ST,Rural,79.09927618509664,0,1
Male,ST,Urban,63.382562600940005,0,0
Female,General,Rural,81.20993864240955,1,1
Male,OBC,Urban,58.28410614363062,0,0
Male,OBC,Urban,65.31014185635603,0,0
Male,General,Rural,73.83699397262828,0,1
Male,SC,Rural,75.591982976142,0,0
Female,SC,Urban,76.81349336814345,0,1
Male,SC,Urban,71.93811501153927,0,1
Female,General,Urban,67.06115320328553,0,0
Male,ST,Urban,66.91329878836498,0,0
Female,SC,Rural,69.05532257282736,0,0
Male,SC,Rural,76.6247964723681,0,0
Female,General,Rural,85.7565206513339,1,1
Female,ST,Urban,78.05862501351436,1,1
Female,SC,Rural,73.20195712157567,0,0
Female,ST,Urban,68.1020903772025,0,0
Female,ST,Urban,68.10124945586617,0,0
Female,General,Urban,73.11416204792445,1,1
Male,SC,Rural,62.30030769235465,0,0
Male,ST,Rural,78.51818609529728,0,0
Male,General,Rural,66.00715309981447,0,0
Male,ST,Urban,75.84658475024432,0,1
Female,SC,Rural,68.12784796825355,0,0
Male,OBC,Urban,69.86927230207968,0,1
Female,General,Rural,74.1041509381118,1,0
Female,OBC,Urban,68.084451319119,0,1
Female,OBC,Urban,86.04455600652997,1,1
Female,SC,Urban,81.30877626609364,1,1
Male,OBC,Rural,60.179849832184175,0,0
Female,General,Urban,76.34406147836664,1,1
Female,General,Rural,51.41858717549674,0,0
Female,SC,Urban,77.87855257665073,1,1
Male,ST,Rural,65.74314874925797,0,0
Female,SC,Rural,71.63569101562753,0,0
Female,SC,Urban,83.20080490253618,1,1
Female,OBC,Urban,89.74914544712715,1,1
Male,OBC,Urban,67.46831886250135,0,0
Female,ST,Rural,56.1018078936731,0,0
Male,General,Urban,81.40846815281762,1,1
Female,General,Rural,68.50244910142312,0,0
Male,OBC,Urban,61.10438053682632,0,0
Female,SC,Urban,92.63943437151897,1,1
Male,ST,Rural,56.04391459634111,0,0
Female,OBC,Urban,73.88221040500767,1,1
Female,SC,Rural,76.94626721200528,0,0
Female,SC,Rural,73.03471251504993,0,0
Male,ST,Rural,93.96851953156116,1,1
Female,OBC,Urban,73.57183104958014,1,0
Male,SC,Urban,97.62386770951849,1,1
Female,OBC,Rural,61.41590286186714,0,0
Female,ST,Urban,54.51362708286654,0,0
Male,General,Rural,66.56733075566447,0,0
Female,OBC,Urban,75.45530537967925,1,0
Male,General,Rural,81.61873394069568,1,1
Female,SC,Rural,63.09473428931445,0,0
Male,General,Rural,78.90400608636199,1,1
Female,ST,Rural,74.19701094321066,0,0
Male,OBC,Urban,69.75325728632865,0,1
Female,SC,Urban,59.45361330443548,0,0
Male,SC,Rural,72.61350522130968,0,1
Female,SC,Rural,75.8255990507964,0,0
Female,OBC,Rural,75.84948180091739,1,0
Male,SC,Rural,77.65434243409413,0,0
Male,General,Urban,71.09644887155193,1,1
Female,ST,Urban,69.20783274102412,0,0
Male,OBC,Rural,82.90096319123082,1,1
Female,OBC,Rural,80.9139877146698,1,1
Male,OBC,Rural,98.93191477583466,1,1
Female,ST,Rural,86.21873739270977,1,1
Male,SC,Rural,80.68067626231313,0,0
Female,General,Urban,62.01115783248504,0,0
Male,SC,Urban,80.60416052707306,1,1
Male,General,Urban,67.13013349928114,0,0
Female,OBC,Urban,51.680057792528395,0,0
Male,ST,Urban,63.21624577439839,0,0
Male,SC,Rural,80.88162068159488,0,0
Female,General,Rural,68.6812873116018,0,0
Female,ST,Rural,79.79621444484151,0,0
Male,General,Urban,78.92227749732034,1,1
Male,General,Rural,87.7546875774436,1,1
Female,ST,Rural,74.60278291316827,0,0
Male,ST,Urban,69.23064581483557,0,0
Male,SC,Urban,68.22730798789223,0,0
Female,ST,Rural,57.01609315502784,0,0
Male,ST,Rural,84.88529027879028,1,1
Female,ST,Rural,64.93449555763678,0,0
Female,OBC,Rural,63.54501935448271,0,0
Female,ST,Urban,72.75879928495726,0,0
Male,ST,Rural,69.00234492068104,0,0
Female,SC,Rural,71.794759242998,0,0
Female,OBC,Rural,83.37216625716742,1,1
Male,ST,Rural,77.89782137454381,0,0
Male,General,Rural,55.70756200782349,0,0
Male,ST,Rural,71.03552956574984,0,0
Male,ST,Urban,83.49769302144423,1,1
Female,SC,Rural,75.07649587670583,0,0
Male,OBC,Rural,47.719172916486855,0,0
Male,OBC,Urban,68.9271198156286,0,1
Male,OBC,Rural,81.00771067826884,1,1
Female,General,Rural,77.2367039791316,1,1
Female,General,Urban,84.86346120724438,1,1
Female,SC,Rural,87.54204239096771,1,1
Female,SC,Urban,84.17281972069719,1,1
Female,General,Rural,73.2498818068931,0,1
Male,General,Urban,73.45944372672446,1,1
Female,OBC,Rural,65.36324220153125,0,0
Female,General,Urban,68.69720359117606,0,0
Female,OBC,Urban,64.23048540578182,0,0
Male,ST,Urban,61.55911822651563,0,0
Female,SC,Rural,65.11295730434023,0,0
Male,SC,Rural,75.1285985914754,0,0
Female,OBC,Rural,66.30631102309391,0,0
Male,OBC,Urban,59.990063743460894,0,0
Female,General,Urban,74.22081228497782,1,1
Female,OBC,Urban,69.23792831062592,0,0
Female,OBC,Urban,73.54087051324306,1,1
Female,OBC,Urban,67.27141039167486,0,0
Male,SC,Urban,81.73192021903748,1,1
Female,General,Urban,79.27514695287131,1,1
Male,ST,Urban,47.656893821741235,0,0
Male,General,Urban,82.14764371590941,1,1
Female,SC,Rural,86.26768280365611,1,1
Female,ST,Urban,74.52507071647713,0,0
Female,OBC,Urban,72.21795111651319,1,1
Male,General,Rural,81.43910583971235,1,1
Male,OBC,Urban,69.36477045312965,0,0
Male,General,Urban,79.18916898548066,1,1
Male,SC,Urban,69.12841129805338,0,0
Male,ST,Rural,68.85342123310328,0,0
Female,General,Rural,94.17475968342029,1,1
Female,ST,Rural,77.43613340758786,0,1
Male,General,Urban,82.24582776466727,1,1
Male,SC,Urban,67.78172098146574,0,0
Male,ST,Rural,83.25727611421148,1,0
Male,ST,Rural,94.62891893372418,1,1
Female,General,Urban,57.14119417372376,0,0
Female,ST,Urban,86.4849737069258,1,1
Female,SC,Urban,75.31615743632258,0,0
Male,SC,Urban,75.08244227108707,0,0
Female,General,Rural,61.67416903036881,0,0
Female,OBC,Rural,89.11861548611839,1,1
Male,OBC,Urban,78.10454099261241,1,1
Male,General,Urban,64.84324500538922,0,0
Female,General,Rural,65.04292263643687,0,0
Male,SC,Rural,75.4846181230388,0,0
Male,SC,Urban,63.36475737086253,0,0
Female,General,Rural,73.79401227826736,0,0
Female,SC,Urban,75.45475544834736,0,0
Female,SC,Urban,60.672812469137575,0,0
Male,SC,Rural,69.42605389716762,0,0
Female,General,Urban,80.47421312634494,1,1
Male,OBC,Rural,69.37491359446321,0,0
Male,General,Rural,79.41043898957048,1,1
Male,OBC,Urban,57.31387700953525,0,0
Male,General,Urban,73.28659790109965,1,1
Female,General,Urban,69.35708085395947,0,1
Female,ST,Urban,66.69168807160403,0,0
Male,OBC,Rural,65.49080296944368,0,0
Female,ST,Urban,71.28855196856145,0,0
Male,SC,Rural,74.42554136579291,0,0
Male,ST,Urban,79.1745654325578,1,1
Male,SC,Rural,83.20442424779837,1,0
Male,SC,Rural,60.12369915798722,0,0
Female,OBC,Rural,56.67657430656916,0,0
Female,OBC,Urban,69.27040615767376,0,0
Male,OBC,Rural,82.48431100310354,1,0
Male,SC,Urban,60.02571024472085,0,0
Male,ST,Urban,80.29517495351571,1,1
Female,SC,Rural,51.138123001685265,0,0
Male,SC,Urban,66.97752997629269,0,0
Female,SC,Rural,66.31241225788035,0,0
Female,OBC,Urban,65.8569813784445,0,0
Female,OBC,Rural,68.64044595851794,0,0
Female,SC,Rural,89.59794806648945,1,1
Male,SC,Urban,51.878659702563624,0,0
Female,OBC,Rural,100.66188731271156,1,1
Male,ST,Rural,68.77135605725452,0,0
Female,SC,Urban,68.35807709901763,0,0
Male,SC,Rural,70.4697040780318,0,0
Female,ST,Rural,66.70964376606099,0,0
Female,General,Rural,63.55132541812362,0,0
Female,General,Rural,77.29052036350731,1,1
Female,SC,Urban,72.83067694133862,0,0
Female,General,Rural,68.43006697805004,0,0
Female,SC,Rural,64.15260490356505,0,0
Male,SC,Rural,76.68702686430136,0,0
Male,SC,Rural,78.17889780833376,0,0
Female,General,Urban,74.39640417642133,1,1
Female,OBC,Urban,83.86596196747733,1,1
Female,OBC,Rural,70.81338266800985,0,0
Female,OBC,Rural,74.88398171977617,1,1
Male,ST,Urban,79.70421286493426,1,1
Male,SC,Rural,92.24003431780383,1,1
Female,General,Urban,73.19123467332847,1,0
Male,SC,Urban,76.56420794069462,0,0
Male,OBC,Urban,76.3949251354474,1,1
Female,ST,Rural,66.97209440700601,0,0
Female,SC,Urban,83.85884705797989,1,0
Female,SC,Rural,76.40355306124943,0,0
Male,OBC,Rural,65.69773774514245,0,0
Male,SC,Urban,73.94315533910537,0,0
Male,OBC,Urban,74.73765799143263,1,1
Male,OBC,Rural,75.75536362233996,1,1
Male,SC,Urban,78.40361256700878,1,0
Male,SC,Rural,72.22847021864536,0,0
Male,OBC,Rural,93.99380859361352,1,1
Female,OBC,Urban,74.17264009779885,1,0
Female,OBC,Rural,72.81213872671505,0,0
Male,SC,Urban,65.6092272538571,0,0
Male,SC,Urban,63.88028822434424,0,0
Female,OBC,Urban,83.03255382242351,1,1
Male,SC,Urban,67.01258458163763,0,0
Male,OBC,Urban,67.82380418312049,0,0
Male,OBC,Urban,67.8787625734032,0,0
Female,General,Urban,72.12152944491459,1,1
Male,ST,Urban,70.17624153188648,0,1
Female,General,Urban,67.61445319247674,0,0
Female,SC,Urban,59.59584656940868,0,0
Female,OBC,Urban,56.90917147329059,0,0
Female,General,Rural,71.4988051696078,0,0
Male,ST,Urban,81.6351620755404,1,1
Male,OBC,Rural,57.8276881806,0,0
Male,General,Urban,77.98462594020481,1,1
Female,General,Rural,85.68570878104103,1,1
Female,ST,Urban,88.54410398442243,1,1
Female,General,Urban,65.15138940836599,0,0
Female,OBC,Rural,68.96985211556644,0,0
Female,General,Rural,96.79716484011206,1,1
Female,ST,Urban,50.81376334525756,0,0
Male,OBC,Urban,79.66264033181288,1,1
Female,ST,Rural,57.95644037973631,0,0
Male,General,Urban,87.75497758595286,1,1
Female,ST,Rural,74.21388046186402,0,0
Male,General,Urban,68.19257964309601,0,0
Male,General,Urban,86.31277398063717,1,1
Female,General,Urban,57.827229793020045,0,0
Female,ST,Rural,60.39962772147743,0,0
Female,ST,Urban,70.18511799481064,0,0
Male,ST,Urban,81.8178262044881,1,0
Male,ST,Rural,89.22458408348926,1,1
Male,OBC,Rural,70.82686667972678,0,0
Male,ST,Rural,89.3624843080055,1,1
Female,OBC,Rural,75.21119667858777,1,1
Female,General,Rural,64.01272340269327,0,0
Female,ST,Urban,67.39604086957121,0,0
Female,SC,Rural,75.16160483835134,0,0
Male,OBC,Urban,74.7278649333195,1,1
Male,SC,Urban,89.06404202682542,1,1
Male,General,Urban,73.19945184883548,1,1
Male,OBC,Rural,83.7696735562382,1,1
Female,SC,Urban,79.23314319865422,1,0
Male,OBC,Urban,81.81311627162373,1,1
Female,SC,Urban,62.94602994975033,0,0
Male,General,Rural,49.676213999348526,0,0
Male,ST,Rural,79.69884224988502,0,0
Male,OBC,Rural,66.49008866097483,0,0
Male,ST,Urban,52.38972217517592,0,0
Male,OBC,Urban,67.39395048919008,0,0
Female,SC,Urban,77.09521242142606,1,1
Male,OBC,Rural,52.13400617585605,0,0
Male,SC,Rural,64.58093512132857,0,0
Male,General,Urban,66.98054758103532,0,0
Female,ST,Rural,63.930905848926045,0,0
Male,General,Rural,76.56425874314978,1,0
Female,General,Rural,70.18319879636508,0,1
Female,General,Rural,71.60457700893926,0,1
Female,General,Rural,81.00026145923754,1,1
Male,General,Urban,71.79196990781234,1,1
Female,OBC,Rural,102.01914008116174,1,1
Female,General,Rural,77.43035408243658,1,1
Female,OBC,Rural,75.0382721861359,1,1
Female,OBC,Urban,70.06622845753046,1,0
Female,General,Rural,70.84191373396418,0,0
Male,General,Urban,75.7211043788486,1,0
Female,General,Urban,79.11808574862229,1,1
Male,OBC,Urban,73.91729931289818,1,1
Male,General,Urban,81.04102544289205,1,1
Male,General,Urban,59.44745504107216,0,0
Female,OBC,Rural,70.61000868536945,0,0
Female,ST,Urban,62.2897428109349,0,0
Male,ST,Rural,73.14651904800544,0,0
Male,SC,Rural,70.85831249550564,0,0
Male,General,Urban,64.18652099272121,0,0
Female,OBC,Rural,53.74734871856233,0,0
Female,SC,Rural,53.05703335209586,0,0
Male,SC,Urban,59.03280322921714,0,0
Male,ST,Urban,66.54307153734867,0,0
Male,SC,Rural,71.21348301832136,0,0
Male,SC,Urban,81.19220928859569,1,1
Female,OBC,Rural,59.41148646983429,0,0
Female,SC,Rural,71.02622891508094,0,0
Female,SC,Rural,72.00531732529466,0,0
Male,General,Rural,55.20976680148068,0,0
Male,OBC,Rural,78.88122863799646,1,1
Male,ST,Rural,73.832721676732,0,0
Female,SC,Rural,77.87674628377054,0,0
Male,SC,Urban,60.18203176868709,0,0
Female,OBC,Urban,83.97099460001643,1,1
Male,ST,Rural,81.49032616078908,1,0
Male,ST,Urban,62.794395703116365,0,0
Male,OBC,Urban,71.0009421471653,1,0
Male,General,Urban,81.32667650838843,1,1
Male,General,Rural,76.44833341285567,1,0
Female,General,Rural,76.72685169165023,1,1
Male,ST,Rural,73.84423442803407,0,0
Male,SC,Rural,72.80223108637313,0,0
Female,General,Urban,76.11115452555546,1,1
Male,ST,Rural,83.3026479065845,1,1
Male,OBC,Urban,65.81904575203535,0,0
Male,ST,Urban,69.76477360565467,0,0
Male,OBC,Urban,92.10821360753006,1,1
Male,SC,Rural,90.69097244951995,1,1
Female,SC,Rural,65.7004129100207,0,0
Female,OBC,Urban,75.23642455481816,1,1
Female,SC,Rural,54.17589671108787,0,0
Male,General,Urban,80.844370868077,1,1
Female,OBC,Urban,83.78893589152509,1,1
Female,SC,Urban,75.33647900066387,0,1
Male,ST,Urban,69.19256120997606,0,0
Female,General,Rural,68.73443188228717,0,0
Female,OBC,Urban,74.72939071271006,1,1
Female,General,Rural,61.84610433376127,0,0
Female,ST,Rural,66.479365582284,0,0
Female,General,Urban,66.4560045130594,0,0
Female,OBC,Urban,72.1586684665107,1,1
Female,SC,Urban,80.20378630605798,1,1
Male,SC,Urban,63.623970920952345,0,0
Female,SC,Rural,81.3628054472211,1,0
Male,ST,Urban,69.03358623124707,0,0
Female,OBC,Rural,93.43480407019685,1,1
Male,OBC,Urban,70.81938804091956,1,1
Female,ST,Urban,63.76886698896428,0,0
Female,ST,Rural,86.77942832384743,1,0
Female,OBC,Rural,91.70854099974972,1,1
Female,OBC,Urban,59.337007582205416,0,0
Female,OBC,Urban,93.2314543512679,1,1
Male,General,Rural,67.25453187758222,0,0
Female,OBC,Rural,67.18557581846754,0,1
Male,OBC,Urban,75.75748894634971,1,0
Male,ST,Rural,94.98695460945669,1,1
Female,General,Urban,86.12348390132655,1,1
Male,General,Urban,77.42268620188568,1,1
Male,SC,Rural,88.65353118404244,1,1
Female,OBC,Urban,56.43053373496292,0,0
Female,ST,Urban,79.41969722221062,1,1
Female,OBC,Urban,51.60881699417931,0,0
Female,General,Rural,85.66447109339514,1,1
Female,General,Urban,62.57658502023049,0,0
Female,ST,Rural,50.50088020401981,0,0
Male,OBC,Rural,64.44798070506187,0,0
Male,ST,Urban,69.11649579481843,0,0
Male,General,Urban,73.754875395839,1,1
Male,General,Rural,82.38294813896655,1,1
Male,ST,Rural,68.75973935630591,0,0
Female,General,Urban,77.96082448664751,1,0
Female,ST,Rural,75.2164458640421,0,0
Female,SC,Urban,58.530513893974856,0,0
Male,OBC,Urban,74.51441457968826,1,1
Male,General,Rural,72.09144606949451,0,1
Male,ST,Rural,72.92772305678575,0,0
Female,SC,Rural,84.11677380375555,1,0
Female,ST,Rural,82.44509576105585,1,0
Female,SC,Rural,73.49290829266822,0,0
Female,OBC,Rural,66.1157384955725,0,0
Female,SC,Urban,73.61489261722879,0,0
Male,ST,Urban,54.38960036610853,0,0
Female,SC,Urban,84.53289020929822,1,1
Female,OBC,Rural,67.53255110538247,0,0
Female,OBC,Rural,77.48439557978166,1,1
Male,General,Rural,73.99987275493014,0,1
Female,OBC,Rural,79.01710074724988,1,0
Female,SC,Urban,85.62874196541624,1,1
Female,ST,Urban,69.12213442499021,0,0
Female,OBC,Urban,56.34848508114726,0,0
Male,ST,Rural,64.67420704716697,0,0
Female,SC,Urban,86.1873774937107,1,1
Female,SC,Urban,71.88320383885149,0,0
Female,SC,Urban,55.29836910276389,0,0
Female,ST,Urban,82.46848502339607,1,1
Female,General,Urban,67.07777799524426,0,1
Male,SC,Rural,64.04770852241747,0,0
Male,SC,Rural,85.7494380340844,1,1
Female,SC,Urban,65.62497519431963,0,0
Male,SC,Rural,55.271440021097675,0,0
Male,General,Urban,68.5726348632149,0,0
Male,General,Rural,78.58095253307737,1,1
Female,ST,Urban,61.98581499028362,0,0
Female,General,Urban,79.32357103889389,1,1
Male,ST,Rural,60.74895551420994,0,0
Female,ST,Urban,87.42517519051061,1,1
Female,SC,Rural,77.14915977599881,0,0
Male,ST,Rural,90.22908722174652,1,1
Female,SC,Rural,72.75386415957219,0,0
Male,ST,Rural,88.49153121530979,1,1
Female,SC,Urban,63.656568579702125,0,0
Male,ST,Rural,89.53833389265577,1,1
Male,OBC,Rural,82.84732447452004,1,1
Male,ST,Rural,90.66004783057456,1,1
Male,ST,Rural,84.56258981786227,1,1
Male,General,Urban,70.08895994973086,1,1
Female,SC,Urban,79.83934884326071,1,0
Female,General,Rural,57.88593390415868,0,0
Male,SC,Urban,84.57596533989721,1,1
Male,OBC,Urban,74.52886222979686,1,1
Male,ST,Rural,46.436242629384736,0,0
Female,ST,Urban,68.97473840586879,0,0
Male,OBC,Rural,70.04472553373344,0,0
Female,General,Urban,56.049587931338934,0,0
Male,General,Rural,77.8327573662739,1,1
Male,General,Urban,70.18810770895068,1,0
Male,ST,Rural,48.11921862777365,0,0
Male,OBC,Urban,73.6861565079913,1,1
Female,ST,Urban,63.59385840984975,0,0
Female,General,Urban,90.13643861849559,1,1
Male,General,Urban,83.48498557411284,1,1
Female,General,Rural,64.65196588709836,0,0
Female,General,Urban,64.17670146398153,0,0
Female,General,Rural,73.54589219895576,0,0
Female,OBC,Urban,70.25424442773523,1,0
Female,ST,Urban,61.778723144122985,0,0
Female,ST,Rural,67.27182686838516,0,0
Female,OBC,Urban,78.07091758476741,1,1
Female,SC,Rural,61.72673538367249,0,0
Male,SC,Urban,72.44609426332983,0,1
Male,General,Rural,76.88129359619137,1,1
Female,General,Rural,87.69797315547585,1,1
Male,OBC,Rural,60.95650238742514,0,0
Male,ST,Rural,46.739647242734094,0,0
Male,General,Rural,87.9481412627968,1,1
Female,OBC,Urban,91.33608379763926,1,1
Female,SC,Urban,78.4495197696732,1,1
Female,ST,Urban,75.91815682303525,0,0
Male,ST,Rural,58.50383299266023,0,0
Female,OBC,Urban,63.09980470056023,0,0
Male,OBC,Urban,70.05950786837906,1,1
Male,SC,Urban,58.522573423600065,0,0
Male,OBC,Rural,85.76722227965479,1,1
Male,ST,Rural,61.49954960328405,0,0
Female,OBC,Rural,70.8429353790552,0,0
Female,OBC,Rural,80.43381079142507,1,1
Male,General,Rural,83.24788563224575,1,1
Female,SC,Rural,61.3989987302106,0,0
Male,ST,Urban,68.3460876248716,0,0
Female,OBC,Urban,79.17167291671291,1,1
Female,ST,Rural,79.08879072071062,0,1
Male,SC,Urban,49.36263869160356,0,0
Male,General,Urban,69.52931996702868,0,1
Male,SC,Rural,79.53044792758669,0,0
Male,OBC,Urban,79.483828955346,1,1
Male,OBC,Urban,65.67106630545419,0,0
Male,General,Urban,63.26221057487862,0,0
Female,OBC,Urban,64.34720093162733,0,0
Male,SC,Urban,71.73204253147664,0,0
Female,General,Rural,63.976674837860564,0,0
Male,OBC,Urban,56.24444806235778,0,0
Male,General,Rural,60.01865855774751,0,0
Female,SC,Urban,70.68315211104425,0,0
Female,ST,Rural,51.70953074876231,0,0
Female,General,Urban,70.21672172436008,1,0
Male,SC,Rural,63.27221275738529,0,0
Female,ST,Rural,80.39530846742271,0,0
Female,ST,Rural,74.94875506849486,0,0
Male,OBC,Rural,67.16057553411201,0,0
Female,General,Urban,70.74926750475638,1,1
Female,SC,Rural,72.18547139312648,0,0
Male,OBC,Rural,74.14021003001037,1,0
Female,General,Urban,65.14006163029056,0,0
Female,SC,Rural,82.16075226943104,1,0
Male,SC,Rural,65.92154459653567,0,0
Female,General,Urban,86.48871582190623,1,1
Female,SC,Urban,76.13102428341364,0,0
Male,SC,Urban,67.0177840625104,0,0
Male,SC,Rural,73.49634219094531,0,0
Female,ST,Rural,75.1883674658015,0,0
Female,OBC,Urban,60.45830583068977,0,0
Male,OBC,Rural,62.30033838467404,0,0
Female,OBC,Urban,59.59435923424626,0,0
Male,SC,Urban,71.3948485883016,0,0
Female,General,Urban,74.40170198559031,1,0
Male,ST,Rural,67.89290537358443,0,0
Male,ST,Rural,81.20093103460937,1,0
Female,OBC,Urban,71.36365629161017,1,1
Female,SC,Rural,62.13799228799493,0,0
Female,General,Rural,86.05516818134743,1,1
Female,General,Rural,68.62337753138299,0,0
Female,SC,Urban,70.5965084917105,0,0
Male,General,Rural,71.68082309626634,0,0
Female,OBC,Rural,72.17118431917463,0,1
Male,ST,Urban,60.57011640756278,0,0
Male,ST,Urban,53.526707891816585,0,0
Male,ST,Rural,82.43334770294804,1,0
Male,SC,Rural,70.38555077538183,0,0
Male,SC,Urban,84.16223710084711,1,0
Female,SC,Urban,82.8294009652609,1,1
Female,ST,Rural,67.4248734632292,0,0
Male,SC,Urban,65.20113119043968,0,0
Male,SC,Urban,80.79327115540617,1,1
Female,SC,Urban,93.26035749765524,1,1
Female,ST,Urban,84.82634837183684,1,1
Male,ST,Rural,77.67115787116269,0,0
Female,OBC,Rural,79.64704940134654,1,1
Female,OBC,Rural,82.55850578677823,1,1
Female,General,Rural,56.83070074644259,0,0
Female,General,Urban,87.34587808978918,1,1
Female,SC,Urban,71.25661228917807,0,0
Male,ST,Urban,55.135722686996075,0,0
Female,OBC,Urban,72.50066578389965,1,1
Male,ST,Rural,65.54023580663653,0,0
Male,General,Urban,69.91960956363287,0,1
Male,SC,Urban,68.41473394721193,0,0
Male,OBC,Rural,74.24505043397534,1,1
Male,SC,Urban,59.76903592663921,0,0
Female,General,Urban,77.50532278580532,1,1
Male,OBC,Urban,58.98350346280446,0,0
Female,General,Urban,63.92808636139968,0,0
Male,General,Rural,71.07466517427329,0,1
Female,OBC,Urban,64.39071987246432,0,0
Female,ST,Urban,83.23510428103529,1,1
Male,ST,Urban,93.34714907362977,1,1
Male,General,Urban,65.59891910633614,0,0
Female,General,Urban,76.97320422631122,1,1
Male,OBC,Urban,72.8074619587667,1,0
Male,OBC,Rural,73.03750162274453,0,1
Male,SC,Urban,54.495522987991315,0,0
Female,General,Rural,60.08427920743514,0,0
Female,SC,Urban,60.85446531353688,0,0
Male,ST,Urban,93.46475638982112,1,1
Female,ST,Urban,68.1874587602162,0,0
Female,OBC,Urban,70.89065908343636,1,1
Female,General,Rural,61.50999569681184,0,0
Male,General,Rural,73.99835762735238,0,1
Male,ST,Rural,82.51793409318486,1,0
Female,OBC,Urban,81.57385476221965,1,1
Male,OBC,Urban,79.00618461067576,1,1
Female,General,Urban,71.1913507644947,1,0
Male,OBC,Rural,96.46883868707175,1,1
Female,General,Urban,68.82707236949983,0,0
Male,General,Rural,55.03018097022749,0,0
Female,General,Rural,65.74662747858564,0,0
Male,SC,Rural,66.54997209186799,0,0
Male,General,Rural,74.4569980999511,1,0
Male,SC,Rural,58.814247278001716,0,0
Female,General,Urban,68.23746509894545,0,1
Male,SC,Urban,83.48174475839947,1,1
Male,SC,Rural,74.07467272441347,0,0
Male,General,Urban,53.8577909822235,0,0
Female,ST,Urban,67.83630298209448,0,0
Male,OBC,Urban,74.30931013566436,1,1
Female,General,Rural,76.1092184511503,1,0
Female,OBC,Urban,73.14914920756324,1,0
Female,General,Urban,75.08032637430723,1,1
Female,ST,Urban,69.98105588552369,0,0
Female,ST,Urban,65.80737035619833,0,0
Male,ST,Urban,62.21154486417611,0,0
Female,OBC,Rural,64.91458805498415,0,0
Male,SC,Urban,57.96662498588817,0,0
Male,ST,Urban,53.82866585940542,0,0
Male,OBC,Urban,68.92739233415114,0,0
Male,ST,Urban,83.09642524682846,1,1
Male,General,Rural,72.98644400560566,0,0
Male,ST,Rural,78.7732893987736,0,1
Male,General,Urban,93.48499923275047,1,1
Male,General,Urban,74.1743891305357,1,1
Male,ST,Rural,79.66579806513556,0,1
Female,OBC,Rural,60.666927857223875,0,0
Female,General,Urban,97.76918779691246,1,1
Female,SC,Urban,88.24434482987067,1,1
Male,General,Urban,78.48950665520012,1,1
Male,General,Rural,51.976220692805214,0,0
Female,ST,Urban,80.84918548427885,1,1
Female,SC,Rural,75.31245604492837,0,0
Female,General,Urban,74.24464151381491,1,0
Female,OBC,Urban,78.88520797140552,1,1
Male,SC,Rural,93.86119453369999,1,1
Female,General,Rural,64.47994157193308,0,0
Male,SC,Urban,64.64894065248974,0,0
Male,OBC,Urban,74.89110524081636,1,1
Male,OBC,Urban,54.01091448610134,0,0
Female,General,Rural,80.60506506016173,1,1
Female,ST,Urban,66.50556537692114,0,0
Female,ST,Urban,75.98241270936154,0,1
Female,OBC,Urban,71.10868956767496,1,1
Male,SC,Rural,75.9879406952554,0,0
Female,SC,Urban,78.54068605656174,1,0
Female,OBC,Rural,67.30197244442448,0,0
Male,SC,Rural,77.8316488370719,0,1
Male,ST,Urban,88.06358085661252,1,1
Female,General,Urban,67.70483056643221,0,1
Female,OBC,Urban,75.26643177490621,1,1
Female,OBC,Rural,76.71069899682693,1,1
Male,OBC,Urban,67.56118319266324,0,0
Female,SC,Urban,65.80378503536717,0,0
Male,SC,Rural,54.820129793348656,0,0
Female,SC,Urban,61.44188471489065,0,0
Female,SC,Urban,67.3799462098318,0,0
Female,ST,Rural,65.87713089860132,0,0
Male,SC,Urban,64.44357073841509,0,0
Female,General,Urban,74.64206310344046,1,1
Male,General,Urban,76.09706593730485,1,1
Male,ST,Rural,63.67872636615478,0,0
Female,OBC,Rural,61.82880901585081,0,0
Female,General,Urban,96.17943429001579,1,1
Female,OBC,Rural,68.33237763634912,0,1
Female,SC,Urban,70.04915839391377,0,0
Female,OBC,Rural,58.634127098824436,0,0
Female,SC,Urban,67.44132005851377,0,0
Female,General,Rural,75.68376806401677,1,0
Male,SC,Rural,67.94801252855495,0,0
Female,General,Urban,58.27812790036797,0,0
Female,General,Urban,51.97483683721377,0,0
Female,ST,Rural,59.62748177119532,0,0
Male,SC,Rural,80.9471397174911,0,1
Female,OBC,Rural,72.90665457089757,0,1
Female,OBC,Urban,64.24565297795863,0,0
Female,General,Rural,72.71149258879963,0,1
Female,SC,Rural,72.45306437886103,0,0
Female,ST,Urban,69.12360447393061,0,0
Male,SC,Urban,81.47552173993661,1,1
Male,SC,Rural,80.73528099436449,0,0
Female,ST,Rural,89.22989445465251,1,1
Male,OBC,Urban,84.4848428549409,1,1
Male,OBC,Urban,66.2393409203504,0,0
Female,SC,Urban,56.00691790970253,0,0
Female,General,Rural,65.23470515922007,0,0
Female,General,Rural,84.9429278430136,1,1
Male,General,Urban,55.680569856624636,0,0
Male,General,Urban,85.95071688703314,1,1
Male,General,Rural,70.26465801746261,0,0
Female,SC,Rural,71.33904751638163,0,0
Female,OBC,Urban,79.44890692876922,1,1
Female,General,Rural,80.41360220430002,1,1
Male,ST,Rural,70.46205206939008,0,0
Female,ST,Rural,78.99004815026727,0,0
Male,General,Rural,101.86161176974812,1,1
Female,General,Rural,59.23283178669274,0,0
Female,OBC,Urban,63.66328652396061,0,0
Male,SC,Rural,93.51049611099216,1,1
Female,OBC,Urban,77.42596373883144,1,1
Male,ST,Rural,65.52821718009162,0,0
Female,General,Urban,79.2951688975759,1,1
Female,OBC,Rural,65.48202212224979,0,0
Female,OBC,Rural,61.89798570598871,0,0
Male,ST,Rural,51.39757213616316,0,0
Female,OBC,Rural,66.24833674898144,0,0
Male,General,Urban,77.77738684321164,1,1
Male,OBC,Urban,64.47655458078664,0,0
Male,SC,Rural,76.46792533233935,0,0
Female,SC,Urban,58.599589216374056,0,0
Female,OBC,Urban,72.28641339932496,1,1
Female,ST,Urban,74.47659058742252,0,0
Female,ST,Rural,57.41446162619607,0,0
Female,SC,Rural,62.73464078556462,0,0
Female,OBC,Rural,77.04266446466742,1,1
Male,OBC,Urban,76.4245004978331,1,1
Female,General,Rural,88.6709574475225,1,1
Female,SC,Rural,75.67604580104332,0,0
Female,General,Urban,79.17511331644648,1,1
Male,General,Rural,76.7425901390965,1,1
Female,SC,Rural,76.36344699677582,0,0
Male,General,Rural,87.17933790681953,1,1
Male,SC,Rural,83.7326474303409,1,1
Female,ST,Urban,73.66444939801548,0,0
Female,ST,Urban,57.47221848560707,0,0
Female,OBC,Rural,69.9164278422147,0,0
Female,OBC,Urban,73.79581316612266,1,0
Male,ST,Urban,61.24780492915828,0,0
Male,General,Rural,70.65912772682162,0,0
Male,SC,Urban,63.081513737893445,0,0
Female,OBC,Urban,68.52631073045261,0,0
Female,SC,Rural,64.74186528235859,0,0
Female,ST,Rural,64.11469394503163,0,0
Female,SC,Urban,68.60076378530681,0,0
Male,OBC,Rural,68.53174235898183,0,0
Female,General,Rural,78.45447128508383,1,1
Male,SC,Rural,65.8903304711672,0,0
Male,General,Rural,84.55937128478459,1,1
Male,General,Rural,71.31469907988264,0,0
Male,OBC,Urban,73.55733693965102,1,1
Male,OBC,Urban,91.42440888450074,1,1
Male,SC,Rural,79.09922906783659,0,0
Male,SC,Urban,63.06528016054896,0,0
Male,OBC,Urban,71.53271843158359,1,1
Male,ST,Rural,61.01035903726387,0,0
Female,SC,Urban,62.19438964893876,0,0
Female,General,Rural,83.49798447302686,1,1
Female,ST,Urban,65.58628355644335,0,0
Female,SC,Rural,59.32645469548288,0,0
Male,ST,Rural,83.1376352137494,1,1
Male,OBC,Rural,76.41535939958567,1,1
Male,SC,Rural,45.20026962341352,0,0
Male,OBC,Rural,61.142662165358736,0,0
Female,SC,Urban,86.71533782749859,1,1
Female,General,Urban,46.611998488935235,0,0
Male,SC,Rural,71.21431395230424,0,0
Female,ST,Rural,68.43400895362919,0,0
Male,OBC,Rural,80.37511621193794,1,1
Male,ST,Urban,82.32399579286252,1,1
Female,OBC,Urban,60.96413611652636,0,0
Male,OBC,Urban,78.26486671577794,1,1
Female,General,Urban,70.15094130838663,1,0
Male,OBC,Urban,73.94041346133784,1,0
Male,General,Rural,69.2061589572195,0,0
Female,General,Rural,82.02444813901042,1,1
Female,OBC,Urban,78.1301079086659,1,1
Male,ST,Rural,81.57351528488212,1,0
Female,ST,Urban,62.428503987648625,0,0
Male,ST,Rural,82.63083188577897,1,0
Female,General,Rural,66.69562889280041,0,0
Female,General,Rural,71.13775308712945,0,0
Male,SC,Rural,72.46102878233454,0,0
Male,General,Rural,70.12883684457063,0,1
Male,General,Urban,58.35848087030769,0,0
Male,ST,Rural,63.75459998653956,0,0
Male,General,Rural,73.14645087470048,0,0
Male,ST,Urban,69.49184127176882,0,1
Male,OBC,Rural,61.57121076704205,0,0
Female,OBC,Urban,57.820515700451786,0,0
Female,SC,Urban,66.31990921784185,0,0
Female,SC,Rural,75.61039895228693,0,0
Male,OBC,Urban,80.86680802264694,1,1
Female,ST,Rural,56.75145325554131,0,0
Male,OBC,Urban,68.57635393400514,0,0
Male,General,Urban,71.57153458884099,1,1
Female,ST,Rural,72.97482448284119,0,0
Male,ST,Rural,80.93048755189326,0,0
Female,ST,Urban,64.27784219789133,0,0
Male,OBC,Rural,68.47788425434382,0,0
Male,OBC,Rural,80.58158417000934,1,1
Male,General,Rural,73.1285555580008,0,1
Female,General,Urban,74.19203554802827,1,1
Male,ST,Urban,62.67449119620142,0,0
Male,SC,Urban,61.633059231639976,0,0
Female,OBC,Urban,67.5755779798369,0,0
Female,OBC,Urban,57.79700422730825,0,0
Female,ST,Rural,66.47345640716398,0,0
Female,OBC,Rural,70.99897107629157,0,0
Female,General,Urban,77.04313708030071,1,1
Female,ST,Urban,81.64502050103964,1,1
Female,ST,Urban,71.34557278686106,0,0
Male,ST,Urban,57.59524216979341,0,0
Male,General,Urban,72.14437861071815,1,0
Female,General,Urban,91.89685624650298,1,1
Female,OBC,Rural,56.236369050254275,0,0
Female,OBC,Urban,87.82210172764508,1,1
Male,ST,Urban,64.48356513795007,0,0
Female,SC,Urban,73.37958503296215,0,0
Male,SC,Urban,88.53436865591628,1,1
Male,General,Rural,65.44717168279493,0,0
Female,SC,Rural,78.66517093280515,0,0
Male,ST,Urban,71.16186818721577,0,0
Male,ST,Urban,71.81734117205953,0,0
Female,SC,Urban,74.4476496905595,0,0
Female,SC,Rural,72.90617664339852,0,0
Female,General,Rural,75.41251265205564,1,0
Female,General,Urban,79.61956044968397,1,1
Male,OBC,Rural,68.78018556484062,0,1
Female,SC,Urban,71.98824973026353,0,0
Female,General,Urban,87.19409277149086,1,1
Male,ST,Rural,69.27860669701472,0,0
Female,ST,Rural,54.51084904391656,0,0
Male,OBC,Rural,78.4573017089664,1,1
Male,ST,Rural,67.50817296288423,0,0
Male,ST,Urban,55.82387340943838,0,0
Female,SC,Rural,86.2920954388564,1,1
Female,OBC,Urban,76.00548359262291,1,1
Female,SC,Rural,60.32518653940364,0,0
Female,OBC,Urban,61.43980400033753,0,0
Male,General,Rural,61.427603180731,0,0
Female,General,Rural,76.00833720441645,1,0
Male,SC,Urban,75.71243515509511,0,0
Female,General,Rural,90.73991523611218,1,1
Female,General,Urban,60.36507038655266,0,0
Male,ST,Urban,86.09481520112294,1,1
Female,ST,Urban,76.13454814239542,0,0
Male,SC,Rural,90.95607403690835,1,1
Male,General,Rural,77.2057214276236,1,1
Female,General,Urban,72.17670622021691,1,0
Female,ST,Rural,73.04978494719519,0,0
Female,SC,Rural,75.748306294487,0,0
Female,ST,Urban,46.9126828173672,0,0
Female,OBC,Rural,63.07106888732251,0,0
Male,ST,Rural,94.30809699406171,1,1
Male,SC,Rural,55.15507954394672,0,0
Male,ST,Rural,65.16111040078098,0,0
Male,OBC,Urban,82.97323413069378,1,1
Female,SC,Urban,66.74773338696683,0,0
Female,ST,Rural,56.525578452095786,0,0
Male,General,Rural,80.6637841140548,1,1
Female,OBC,Urban,63.08316085200439,0,0
Female,SC,Rural,71.72888692632651,0,0
Male,SC,Rural,82.87909357970477,1,1
Female,ST,Rural,67.58519192137469,0,0
Male,SC,Rural,78.03928675893052,0,1
Female,SC,Urban,64.70650649056333,0,0
Male,OBC,Rural,61.99737821268849,0,0
Female,ST,Urban,54.8098765277687,0,0
Male,SC,Rural,72.52792164662335,0,0
Female,SC,Urban,66.06528849998541,0,0
Male,SC,Urban,66.02821547382915,0,0
Female,General,Urban,77.59778301002156,1,1
Male,ST,Rural,75.32194530171141,0,1
Male,SC,Rural,75.5368380315847,0,0
Female,General,Rural,71.3987192697465,0,0
Female,OBC,Rural,53.881221341907164,0,0
Male,General,Rural,73.99993292345856,0,1
Female,SC,Urban,55.83899654446479,0,0
Male,ST,Urban,64.307465791616,0,0
Female,ST,Urban,77.02211724781701,1,1
Female,ST,Rural,79.44007524382889,0,1
Male,OBC,Rural,64.71707549318498,0,0
Female,ST,Urban,70.28084021725262,0,0
Female,OBC,Urban,90.00348452163269,1,1
Male,ST,Rural,63.67545091887091,0,0
Female,ST,Urban,84.68218928617169,1,1
Male,SC,Rural,66.12430478011667,0,0
Male,General,Urban,59.59847926673684,0,0
Male,ST,Urban,66.98644789944322,0,0
Male,General,Rural,71.71229513380591,0,0
Male,General,Urban,69.4850148697213,0,0
Male,General,Rural,77.42944998823155,1,0
Male,ST,Rural,67.61326288852678,0,0
Female,SC,Urban,61.097220845100594,0,0
Male,ST,Urban,66.94367166092816,0,0
Male,General,Urban,52.949241718701444,0,0
Female,ST,Rural,77.90693964126046,0,0
Male,ST,Rural,66.20776821588608,0,0
Female,ST,Rural,68.29496400058147,0,0
Female,ST,Rural,76.56291962398035,0,0
Female,OBC,Rural,71.76842545966993,0,1
Male,General,Urban,72.91186073474945,1,1
Female,OBC,Rural,74.51653139350255,1,0
Male,ST,Rural,81.44619857316987,1,1
Male,SC,Urban,59.44932951121628,0,0
Female,SC,Rural,71.59795539532271,0,0
Male,ST,Urban,78.27749372986963,1,1
Male,General,Urban,87.60775671089787,1,1
Female,ST,Urban,57.379436788471196,0,0
Female,OBC,Urban,61.119473128644756,0,0
Female,OBC,Urban,80.28375181202335,1,1
Female,ST,Rural,94.85161173859878,1,1
Female,ST,Rural,82.47279581479633,1,0
Female,OBC,Urban,67.11733128502833,0,0
Female,General,Rural,62.38757859257306,0,0
Male,General,Rural,75.24137000747132,1,0
Male,General,Rural,90.79185313980008,1,1
Male,SC,Urban,75.01562334824365,0,1
Male,SC,Urban,65.9147739886932,0,0
Male,ST,Urban,87.41127824404963,1,1
Female,ST,Urban,72.63605211546967,0,0
Male,ST,Urban,82.99250313510042,1,1
Male,ST,Rural,68.85885741199023,0,0
Female,OBC,Urban,65.01692860016828,0,0
Male,SC,Urban,57.31023444967265,0,0
Female,ST,Rural,74.54343294589053,0,0
Male,SC,Urban,73.58341642498534,0,0
Male,OBC,Rural,45.65648097131508,0,0
Male,OBC,Rural,68.34198352411626,0,0
Female,SC,Urban,66.36722745952491,0,0
Female,ST,Urban,60.33198926395568,0,0
Male,General,Rural,73.44182497820532,0,1
Female,OBC,Urban,67.15639346653586,0,0
Female,SC,Rural,70.4786914057205,0,0
Female,OBC,Urban,58.68426391747189,0,0
Male,OBC,Rural,61.16597667303575,0,0
Male,OBC,Urban,77.87057864925741,1,1
Male,General,Urban,78.02101838620393,1,1
Male,General,Urban,68.78258667758224,0,0
Male,OBC,Urban,80.81655471642559,1,1
Female,General,Rural,68.9743856231077,0,0
Male,General,Rural,71.01603161783004,0,0
Male,ST,Rural,67.33913228515999,0,0
Male,OBC,Urban,65.68167370543408,0,0
Male,General,Rural,68.43459467363692,0,0
Male,OBC,Urban,67.19886468295626,0,0
Female,SC,Urban,73.75217304744652,0,0
Male,General,Rural,71.40387979492127,0,0
Female,General,Rural,68.49429367933568,0,0
Male,OBC,Urban,60.49630239143597,0,0
Male,ST,Urban,73.0595158893902,0,0
Female,SC,Urban,78.0186573573558,1,0
Male,ST,Urban,84.01662614095135,1,1
Male,SC,Rural,72.76314611843257,0,0
Female,OBC,Rural,63.96745093063893,0,0
Female,OBC,Urban,67.87094761384628,0,0
Female,SC,Rural,69.93876069788654,0,0
Male,OBC,Rural,60.81922497051033,0,0
Female,OBC,Rural,71.94025618162068,0,1
Male,General,Rural,76.96645545712943,1,0
Male,ST,Urban,53.53881173319347,0,0
Male,ST,Rural,63.15032991178484,0,0
Male,ST,Rural,68.63438580686002,0,0
Male,SC,Rural,52.796775353310224,0,0
Male,OBC,Urban,56.40333446679294,0,0
Female,ST,Urban,59.49367763974378,0,0
Female,ST,Rural,70.1180004120488,0,0
Female,OBC,Rural,80.49916674980658,1,1
Male,OBC,Urban,60.04014999599314,0,0
Female,OBC,Rural,60.626206211661355,0,0
Female,OBC,Urban,70.29099438915193,1,1
Male,ST,Urban,50.50350237286163,0,0
Female,General,Rural,75.8296688531974,1,1
Female,ST,Rural,77.57237935215143,0,1
Female,ST,Urban,71.94392796408847,0,0
Female,OBC,Urban,50.90972423063852,0,0
Male,OBC,Rural,69.8528150313933,0,1
Male,SC,Urban,44.99487152141529,0,0
Male,General,Rural,58.35315502521825,0,0
Male,General,Urban,83.91594050401591,1,1
Male,ST,Rural,72.93683080242435,0,0
Male,OBC,Urban,76.28553876379894,1,1
Male,SC,Rural,72.4417379314867,0,0
Male,SC,Urban,78.47971064940826,1,1
Female,ST,Urban,59.45785493565269,0,0
Male,ST,Urban,82.16507591716915,1,1
Male,OBC,Urban,52.86336850659519,0,0
Male,SC,Urban,52.84927456343971,0,0
Female,OBC,Urban,61.98875821140609,0,0
Female,OBC,Urban,47.90085353205381,0,0
Female,ST,Urban,75.55487435689972,0,1
Male,OBC,Rural,65.17518517768899,0,0
Male,ST,Rural,71.99623091043196,0,0
Male,General,Rural,52.01297623175242,0,0
Male,ST,Urban,69.34766374510659,0,0
Female,OBC,Rural,77.02825962432536,1,1
Male,ST,Rural,88.78582222506667,1,1
Male,SC,Urban,81.6948205783557,1,1
Male,OBC,Urban,52.81919191173229,0,0
Male,General,Urban,80.75640107569804,1,1
Female,General,Rural,68.4641893332889,0,0
Male,General,Rural,91.32305577147348,1,1
Female,SC,Rural,67.32209341263248,0,0
Male,SC,Urban,75.84812495036225,0,0
Female,ST,Urban,60.07435616961645,0,0
Male,ST,Urban,80.4755707117902,1,1
Female,OBC,Urban,75.30389274831965,1,1
Male,General,Urban,57.85905318614185,0,0
Male,ST,Rural,63.97591037686138,0,0
Male,ST,Rural,69.45591886108294,0,0
Male,ST,Urban,77.59919664865768,1,0
Male,SC,Rural,72.11797631820755,0,0
Male,General,Rural,88.66511602978841,1,1
Female,ST,Urban,64.98227878738172,0,0
Male,SC,Rural,59.157896015126184,0,0
Male,OBC,Rural,76.39990110142651,1,1
Male,ST,Urban,68.6683985510121,0,0
Female,ST,Urban,63.66124424418506,0,0
Female,ST,Urban,70.19765456727487,0,0
Male,SC,Rural,83.27565373859393,1,1
Female,General,Urban,78.81764029944135,1,1
Female,OBC,Urban,74.02974116789021,1,0
Female,ST,Rural,67.38362570322957,0,0
Female,SC,Urban,56.06595484157751,0,0
Female,SC,Urban,62.05329051499075,0,0
Female,General,Rural,58.85024364958705,0,0
Male,SC,Rural,89.23091278820796,1,1
Male,OBC,Rural,79.10683582548018,1,0
Male,OBC,Urban,68.47691240996775,0,1
Female,ST,Urban,89.0857177235177,1,1
Female,General,Rural,77.37055802411943,1,1
Female,ST,Rural,77.81259622895689,0,0
Male,SC,Rural,68.32974753282468,0,0
Female,ST,Urban,62.43061170048728,0,0
Female,SC,Urban,59.20056675812595,0,0
Female,OBC,Urban,72.62173618744116,1,1
Female,OBC,Rural,56.14766704147909,0,0
Female,SC,Rural,63.17101651702264,0,0
Male,ST,Rural,61.62978902738985,0,0
Female,SC,Rural,64.67269523060764,0,0
Male,OBC,Urban,73.50913003621211,1,0
Female,SC,Rural,83.70995222073111,1,1
Male,ST,Urban,69.32844353361239,0,0
Male,General,Rural,81.36131211522469,1,1
Female,ST,Rural,77.1873516093629,0,1
Male,OBC,Urban,80.93341707942338,1,1
Male,SC,Rural,67.97383787807064,0,0
Male,ST,Urban,61.14846177702909,0,0
Male,OBC,Rural,82.24637614430736,1,1
Male,General,Rural,83.0106937171933,1,1
Female,SC,Rural,80.30024831569078,0,0
Male,OBC,Urban,78.60323212841958,1,1
Male,General,Rural,67.77040625304461,0,0
Male,ST,Rural,75.5165073482793,0,1
Female,General,Urban,65.45811355215875,0,0
Male,ST,Rural,70.02179411569533,0,0
Male,ST,Urban,76.95234485536758,0,0
Male,General,Rural,86.0938095905214,1,1
Female,ST,Rural,73.41784360094329,0,0
Female,ST,Urban,70.04433795854303,0,0
Male,OBC,Urban,65.51567100455851,0,0
Female,OBC,Urban,73.74874650812592,1,1
Male,General,Rural,68.69677140533817,0,0
Female,General,Urban,76.49789511061327,1,1
Female,General,Rural,63.111626442205086,0,0
Female,OBC,Urban,82.4636336105765,1,1
Male,SC,Urban,57.40221582955772,0,0
Female,SC,Urban,69.6537652722776,0,0
Male,OBC,Urban,53.07905209911041,0,0
Female,OBC,Rural,64.01759372843868,0,0
Female,ST,Rural,85.45148889469858,1,1
Female,General,Rural,90.91007964074255,1,1
Female,SC,Rural,85.96857714167515,1,1
Male,ST,Urban,67.36931884316807,0,0
Male,General,Rural,97.04594813963706,1,1
Male,General,Urban,70.35324320062429,1,1
Female,General,Urban,68.6802220171094,0,1
Male,SC,Rural,83.0271811506397,1,0
Female,OBC,Rural,67.0422292586563,0,0
Female,SC,Rural,67.9488170950918,0,0
